dataset_name,estimator,accuracy,balanced_accuracy,auroc,mcc,fit_time,completed_folds,n_expected_folds
anes_voting_2026,RandomFuzzyRules__quantile_transform__none,0.8302959829516987,0.6359410287060984,0.6358683988534133,0.3661736651383475,1.3498579923891358,9,9
anes_voting_2026,RandomFuzzyRules__quantile_transform__normal,0.8302959829516987,0.6359410287060984,0.6358683988534133,0.3661736651383475,1.5767859877604578,9,9
anes_voting_2026,RandomFuzzyRules__quantile_transform__uniform,0.8302959829516987,0.6359410287060984,0.6358683988534133,0.3661736651383475,1.5388409941353731,9,9
aps_failure,RandomFuzzyRules__quantile_transform__none,0.9832061366516667,0.5868148153247648,0.9537203993772216,0.3292803455025492,1.0813332311809063,9,9
aps_failure,RandomFuzzyRules__quantile_transform__normal,0.9846666608904268,0.6400126192724257,0.8250896423493728,0.4361468843349472,2.47589325470229,9,9
aps_failure,RandomFuzzyRules__quantile_transform__uniform,0.9829692967969845,0.5826340438034502,0.6584210666535227,0.31175139743490754,2.2748970495950847,9,9
bank_marketing,RandomFuzzyRules__quantile_transform__none,0.892821058403627,0.5844201244584865,0.5844201244584865,0.30483654493630835,0.2254611222694317,9,9
bank_marketing,RandomFuzzyRules__quantile_transform__normal,0.892821058403627,0.5844201244584865,0.5844201244584865,0.30483654493630835,0.23599615744832483,9,9
bank_marketing,RandomFuzzyRules__quantile_transform__uniform,0.892821058403627,0.5844201244584865,0.5844201244584865,0.30483654493630835,0.23268814457373488,9,9
blood_transfusion,RandomFuzzyRules__quantile_transform__none,0.7659065595716199,0.5255256963029041,0.6678226781643375,0.13307623854000114,0.04075325246279434,60,60
blood_transfusion,RandomFuzzyRules__quantile_transform__normal,0.758617670682731,0.5366814104470216,0.6848500594707106,0.1386508429773614,0.04551271537008381,60,60
blood_transfusion,RandomFuzzyRules__quantile_transform__uniform,0.768441767068273,0.5917029685796412,0.7005924026167113,0.24565992657476038,0.04543100615652894,60,60
coil_2000,RandomFuzzyRules__quantile_transform__none,0.9398968302450282,0.5005645005029834,0.5060537709372603,0.007075556865809478,0.07023793965991998,9,9
coil_2000,RandomFuzzyRules__quantile_transform__normal,0.9395574560510419,0.5003840667402177,0.5029818523812216,0.0028414618958615447,0.14327250814272294,9,9
coil_2000,RandomFuzzyRules__quantile_transform__uniform,0.9398968302450282,0.5021598393872883,0.5054539421710643,0.032833353847330944,0.12643022007412374,9,9
credit_approval,RandomFuzzyRules__quantile_transform__none,0.8491304347826087,0.8552182205874858,0.8605857675890461,0.7082566014627104,0.021706678702806386,60,60
credit_approval,RandomFuzzyRules__quantile_transform__normal,0.8473188405797102,0.852293926303767,0.8665583381623918,0.7026318100196222,0.02655922638562813,60,60
credit_approval,RandomFuzzyRules__quantile_transform__uniform,0.8455797101449275,0.8498934682423379,0.8640980864933042,0.699706339236451,0.025347452502076775,60,60
early_stage_diabetes_risk_prediction,RandomFuzzyRules__quantile_transform__none,0.8436005928475808,0.8184222160174973,0.8620337730932105,0.6406900223745909,0.01643915989746645,60,60
early_stage_diabetes_risk_prediction,RandomFuzzyRules__quantile_transform__normal,0.8442006119716964,0.8188608125087254,0.8617301293685141,0.6420837718904228,0.01762302316104367,60,60
early_stage_diabetes_risk_prediction,RandomFuzzyRules__quantile_transform__uniform,0.8390251482118952,0.8163352955775823,0.8603940775900848,0.6325589663197291,0.017181792715564324,60,60
give_me_some_credit,RandomFuzzyRules__quantile_transform__none,0.9332666666666667,0.5052888551748393,0.6585442664680444,0.06998507414463599,1.423680737407671,9,9
give_me_some_credit,RandomFuzzyRules__quantile_transform__normal,0.9353222222222222,0.572164623824827,0.657087296876835,0.26775171977136963,1.5557204703282979,9,9
give_me_some_credit,RandomFuzzyRules__quantile_transform__uniform,0.9351155555555556,0.5724705731805408,0.5725879170783622,0.26782537590635225,1.5538440338439412,9,9
heart_disease_cleveland,RandomFuzzyRules__quantile_transform__none,0.7343234323432344,0.7304597340451487,0.7673925658060717,0.46633283744249393,0.01875243345275516,60,60
heart_disease_cleveland,RandomFuzzyRules__quantile_transform__normal,0.7400990099009902,0.7400611677469525,0.7774147607226547,0.4819491556322648,0.02156690891521668,60,60
heart_disease_cleveland,RandomFuzzyRules__quantile_transform__uniform,0.7513201320132014,0.7501857432377013,0.7932309112296778,0.5040650152022678,0.02034770725294943,60,60
heart_failure_followup_survival,RandomFuzzyRules__quantile_transform__none,0.8265757575757575,0.763158243707931,0.8392324910374598,0.5885408378217373,0.020847371825948306,60,60
heart_failure_followup_survival,RandomFuzzyRules__quantile_transform__normal,0.7837609427609428,0.7022545818700615,0.8542274839040094,0.472873559920327,0.02397288717329497,60,60
heart_failure_followup_survival,RandomFuzzyRules__quantile_transform__uniform,0.8279175084175084,0.7690927257096869,0.8387582423361136,0.5904985065524498,0.022793197616313852,60,60
hepatitis_survival_prediction,RandomFuzzyRules__quantile_transform__none,0.7970776772247361,0.6140687361419068,0.6660624538063562,0.2952654096050577,0.01543271578848357,60,60
hepatitis_survival_prediction,RandomFuzzyRules__quantile_transform__normal,0.7891088486676722,0.5945232815964523,0.6636474501108648,0.2352842967747147,0.017816142427424537,60,60
hepatitis_survival_prediction,RandomFuzzyRules__quantile_transform__uniform,0.8062468577174459,0.6183240946045825,0.7079582409460458,0.30560637951833663,0.016654284795125273,60,60
homeq_default_prediction,RandomFuzzyRules__quantile_transform__none,0.8213620250326364,0.5705954333919594,0.6743263122842997,0.2896340356681167,0.06224164552986619,9,9
homeq_default_prediction,RandomFuzzyRules__quantile_transform__normal,0.8183838408396676,0.5755275644310405,0.7007164695860236,0.2759024804158969,0.269881691576706,9,9
homeq_default_prediction,RandomFuzzyRules__quantile_transform__uniform,0.8170400724420527,0.5796252843997051,0.6884043906051467,0.2760799112327109,0.27018313647972214,9,9
homesite_quote_conversion,RandomFuzzyRules__quantile_transform__none,0.8201593088602618,0.5208142498667976,0.5207798180735789,0.18210013038474615,5.178245145724052,9,9
homesite_quote_conversion,RandomFuzzyRules__quantile_transform__normal,0.8201605872190537,0.5208176586013391,0.5220563647590715,0.1821154760090865,9.631903764170906,9,9
homesite_quote_conversion,RandomFuzzyRules__quantile_transform__uniform,0.8201593088602618,0.5208142498667976,0.520773043612412,0.18210013038474615,8.511419180470208,9,9
indian_liver_patient_dataset,RandomFuzzyRules__quantile_transform__none,0.7013675213675213,0.5194646428537576,0.5923266894671727,0.06343277366062113,0.022884801852827225,60,60
indian_liver_patient_dataset,RandomFuzzyRules__quantile_transform__normal,0.7101224777513437,0.5329625054896794,0.672793395295057,0.12016421098550124,0.028588340866068946,60,60
indian_liver_patient_dataset,RandomFuzzyRules__quantile_transform__uniform,0.7028231562252181,0.5334629811678607,0.6314135054181388,0.1090347252112464,0.027479207220797695,60,60
iranian_churn,RandomFuzzyRules__quantile_transform__none,0.9029122807017543,0.7078754313854977,0.8985622701802464,0.5795909314554136,0.03848348849763468,30,30
iranian_churn,RandomFuzzyRules__quantile_transform__normal,0.9018947368421053,0.7041671368217076,0.8905921250476051,0.5741948873215731,0.09349210551008577,30,30
iranian_churn,RandomFuzzyRules__quantile_transform__uniform,0.9041754385964912,0.7094474859957842,0.8870663758904496,0.5862290744271974,0.09347875971967971,30,30
jm1,RandomFuzzyRules__quantile_transform__none,0.8088194815559944,0.5085220734759113,0.6643187435847825,0.09528274393805783,0.045455912645492244,9,9
jm1,RandomFuzzyRules__quantile_transform__normal,0.80921765325243,0.5378839430360158,0.6546817213083294,0.16352595219373187,0.09027837423814662,9,9
jm1,RandomFuzzyRules__quantile_transform__uniform,0.8084214870835603,0.5289085002561268,0.593873098312508,0.14376795488502625,0.09493772468219196,9,9
ljubljana_breast_cancer,RandomFuzzyRules__quantile_transform__none,0.7302668128654971,0.5901781119035365,0.6044667365144719,0.26856676800547985,0.022142203819627514,60,60
ljubljana_breast_cancer,RandomFuzzyRules__quantile_transform__normal,0.7241520467836258,0.5865486300026959,0.5989161336176262,0.2532962209823564,0.02435714392922814,60,60
ljubljana_breast_cancer,RandomFuzzyRules__quantile_transform__uniform,0.7269718567251462,0.5910962429233144,0.6028867362693919,0.2588955755087022,0.023428515965739836,60,60
lung_cancer_epithelial_genexp,RandomFuzzyRules__quantile_transform__none,0.5995519713261649,0.5975931186868686,0.6429174558080809,0.20374164822689822,0.03139432740087305,60,60
lung_cancer_epithelial_genexp,RandomFuzzyRules__quantile_transform__normal,0.5810718552654036,0.5780981691919193,0.6046238425925926,0.1610748533328028,4.47872284653907,60,60
lung_cancer_epithelial_genexp,RandomFuzzyRules__quantile_transform__uniform,0.6011435398532172,0.5987263257575758,0.6203406460437709,0.20425147678376313,1.7896056871705999,60,60
marketing_campaign,RandomFuzzyRules__quantile_transform__none,0.8603576055787044,0.5751326706611954,0.5863326935611887,0.2777952890877576,0.03170222605889038,30,30
marketing_campaign,RandomFuzzyRules__quantile_transform__normal,0.8616084833824424,0.579585300753775,0.5897671984732785,0.2891163447170568,0.09201303108905748,30,30
marketing_campaign,RandomFuzzyRules__quantile_transform__uniform,0.8616971909084057,0.5783981408557994,0.5885193796848825,0.2872656635510256,0.08993409831697739,30,30
musk,RandomFuzzyRules__quantile_transform__none,0.8112160665303508,0.5016430748566785,0.5126303540939031,0.0030316228935498685,0.055007289194812334,60,60
musk,RandomFuzzyRules__quantile_transform__normal,0.8101076037401711,0.5008984210489997,0.5221710498294023,0.00039872917357154625,1.279863652959466,60,60
musk,RandomFuzzyRules__quantile_transform__uniform,0.8128279050438157,0.5005560164260126,0.5084722116779762,0.0010298681691128385,1.2413902168162168,60,60
pancreatic_cancer_mouse_detection,RandomFuzzyRules__quantile_transform__none,0.5259631156120351,0.5135654075021624,0.5251590786931837,0.03483504535695499,0.01944032701042787,60,60
pancreatic_cancer_mouse_detection,RandomFuzzyRules__quantile_transform__normal,0.5294481887155491,0.5251808419742164,0.5195046113946262,0.05161524871666876,1.3670935399054238,60,60
pancreatic_cancer_mouse_detection,RandomFuzzyRules__quantile_transform__uniform,0.5279229383331959,0.5114457438687119,0.5246966823286374,0.022223559474845656,0.5437962768599391,60,60
pva_revenue_prediction_kddcup98,RandomFuzzyRules__quantile_transform__none,0.9482285993756973,0.4999853629440957,0.5018781020212153,-0.0009821231463136779,2.7938875454581447,9,9
pva_revenue_prediction_kddcup98,RandomFuzzyRules__quantile_transform__normal,0.9482355391935963,0.5000101498476736,0.5004438651005902,0.0013554446672828112,7.042749796476629,9,9
pva_revenue_prediction_kddcup98,RandomFuzzyRules__quantile_transform__uniform,0.948233225776477,0.499987802453413,0.4984363415910088,-0.0008145816545536112,6.071707318536937,9,9
sepsis_prediction,RandomFuzzyRules__quantile_transform__none,0.9819543462367172,0.5,0.6321562455109143,0.0,18.68496533948928,1,1
sepsis_prediction,RandomFuzzyRules__quantile_transform__normal,0.9819543462367172,0.5,0.5,0.0,23.123230080120265,1,1
sepsis_prediction,RandomFuzzyRules__quantile_transform__uniform,0.9819543462367172,0.5,0.5,0.0,22.227530309930444,1,1
south_africa_coronary_heart_disease,RandomFuzzyRules__quantile_transform__none,0.7178571428571429,0.6452857731789952,0.7108893089256515,0.33503553448750556,0.023508464436357172,60,60
south_africa_coronary_heart_disease,RandomFuzzyRules__quantile_transform__normal,0.6898268398268398,0.621216173923472,0.7056336495284748,0.27429564407200147,0.02773807742632921,60,60
south_africa_coronary_heart_disease,RandomFuzzyRules__quantile_transform__uniform,0.7011904761904761,0.6272000291748252,0.7079410028529058,0.2947508373442435,0.026642335702975545,60,60
wids_diabetes_mellitus,RandomFuzzyRules__quantile_transform__none,0.7948172385042638,0.560273257251482,0.7600000798189561,0.22293725764867744,2.13633283538123,9,9
wids_diabetes_mellitus,RandomFuzzyRules__quantile_transform__normal,0.7890408737602068,0.5296628088278482,0.7128970110556766,0.15369916219739832,3.7143129280043974,9,9
wids_diabetes_mellitus,RandomFuzzyRules__quantile_transform__uniform,0.7950737342031222,0.6897522436093725,0.7811151833560734,0.3859443010076449,3.351401845096714,9,9
