dataset_id,dataset_name,fold,estimator,error_type,error_message,traceback
267,Banknote Authentication,,,DatasetNotFoundError,"Error reading data csv file for ""Banknote Authentication"" dataset (id=267).","Traceback (most recent call last):
  File ""C:\Users\rzyla\AppData\Roaming\uv\python\cpython-3.10-windows-x86_64-none\lib\urllib\request.py"", line 1348, in do_open
    h.request(req.get_method(), req.selector, req.data, headers,
  File ""C:\Users\rzyla\AppData\Roaming\uv\python\cpython-3.10-windows-x86_64-none\lib\http\client.py"", line 1303, in request
    self._send_request(method, url, body, headers, encode_chunked)
  File ""C:\Users\rzyla\AppData\Roaming\uv\python\cpython-3.10-windows-x86_64-none\lib\http\client.py"", line 1349, in _send_request
    self.endheaders(body, encode_chunked=encode_chunked)
  File ""C:\Users\rzyla\AppData\Roaming\uv\python\cpython-3.10-windows-x86_64-none\lib\http\client.py"", line 1298, in endheaders
    self._send_output(message_body, encode_chunked=encode_chunked)
  File ""C:\Users\rzyla\AppData\Roaming\uv\python\cpython-3.10-windows-x86_64-none\lib\http\client.py"", line 1058, in _send_output
    self.send(msg)
  File ""C:\Users\rzyla\AppData\Roaming\uv\python\cpython-3.10-windows-x86_64-none\lib\http\client.py"", line 996, in send
    self.connect()
  File ""C:\Users\rzyla\AppData\Roaming\uv\python\cpython-3.10-windows-x86_64-none\lib\http\client.py"", line 1468, in connect
    super().connect()
  File ""C:\Users\rzyla\AppData\Roaming\uv\python\cpython-3.10-windows-x86_64-none\lib\http\client.py"", line 962, in connect
    self.sock = self._create_connection(
  File ""C:\Users\rzyla\AppData\Roaming\uv\python\cpython-3.10-windows-x86_64-none\lib\socket.py"", line 857, in create_connection
    raise err
  File ""C:\Users\rzyla\AppData\Roaming\uv\python\cpython-3.10-windows-x86_64-none\lib\socket.py"", line 845, in create_connection
    sock.connect(sa)
TimeoutError: [WinError 10060] Próba połączenia nie powiodła się, ponieważ połączona strona nie odpowiedziała poprawnie po ustalonym okresie czasu lub utworzone połączenie nie powiodło się, ponieważ połączony host nie odpowiedział

During handling of the above exception, another exception occurred:

Traceback (most recent call last):
  File ""C:\Users\rzyla\Desktop\Doktorat\RuleBasedClassification\.venv-gpr\lib\site-packages\ucimlrepo\fetch.py"", line 97, in fetch_ucirepo
    df = pd.read_csv(data_url)
  File ""C:\Users\rzyla\Desktop\Doktorat\RuleBasedClassification\.venv-gpr\lib\site-packages\pandas\io\parsers\readers.py"", line 912, in read_csv
    return _read(filepath_or_buffer, kwds)
  File ""C:\Users\rzyla\Desktop\Doktorat\RuleBasedClassification\.venv-gpr\lib\site-packages\pandas\io\parsers\readers.py"", line 577, in _read
    parser = TextFileReader(filepath_or_buffer, **kwds)
  File ""C:\Users\rzyla\Desktop\Doktorat\RuleBasedClassification\.venv-gpr\lib\site-packages\pandas\io\parsers\readers.py"", line 1407, in __init__
    self._engine = self._make_engine(f, self.engine)
  File ""C:\Users\rzyla\Desktop\Doktorat\RuleBasedClassification\.venv-gpr\lib\site-packages\pandas\io\parsers\readers.py"", line 1661, in _make_engine
    self.handles = get_handle(
  File ""C:\Users\rzyla\Desktop\Doktorat\RuleBasedClassification\.venv-gpr\lib\site-packages\pandas\io\common.py"", line 716, in get_handle
    ioargs = _get_filepath_or_buffer(
  File ""C:\Users\rzyla\Desktop\Doktorat\RuleBasedClassification\.venv-gpr\lib\site-packages\pandas\io\common.py"", line 368, in _get_filepath_or_buffer
    with urlopen(req_info) as req:
  File ""C:\Users\rzyla\Desktop\Doktorat\RuleBasedClassification\.venv-gpr\lib\site-packages\pandas\io\common.py"", line 270, in urlopen
    return urllib.request.urlopen(*args, **kwargs)
  File ""C:\Users\rzyla\AppData\Roaming\uv\python\cpython-3.10-windows-x86_64-none\lib\urllib\request.py"", line 216, in urlopen
    return opener.open(url, data, timeout)
  File ""C:\Users\rzyla\AppData\Roaming\uv\python\cpython-3.10-windows-x86_64-none\lib\urllib\request.py"", line 519, in open
    response = self._open(req, data)
  File ""C:\Users\rzyla\AppData\Roaming\uv\python\cpython-3.10-windows-x86_64-none\lib\urllib\request.py"", line 536, in _open
    result = self._call_chain(self.handle_open, protocol, protocol +
  File ""C:\Users\rzyla\AppData\Roaming\uv\python\cpython-3.10-windows-x86_64-none\lib\urllib\request.py"", line 496, in _call_chain
    result = func(*args)
  File ""C:\Users\rzyla\AppData\Roaming\uv\python\cpython-3.10-windows-x86_64-none\lib\urllib\request.py"", line 1391, in https_open
    return self.do_open(http.client.HTTPSConnection, req,
  File ""C:\Users\rzyla\AppData\Roaming\uv\python\cpython-3.10-windows-x86_64-none\lib\urllib\request.py"", line 1351, in do_open
    raise URLError(err)
urllib.error.URLError: <urlopen error [WinError 10060] Próba połączenia nie powiodła się, ponieważ połączona strona nie odpowiedziała poprawnie po ustalonym okresie czasu lub utworzone połączenie nie powiodło się, ponieważ połączony host nie odpowiedział>

During handling of the above exception, another exception occurred:

Traceback (most recent call last):
  File ""C:\Users\rzyla\Desktop\Doktorat\RuleBasedClassification\utils.py"", line 567, in run_benchmark
    data = load_uci_dataset(
  File ""C:\Users\rzyla\Desktop\Doktorat\RuleBasedClassification\utils.py"", line 220, in load_uci_dataset
    dataset = fetch_ucirepo(id=dataset_id)
  File ""C:\Users\rzyla\Desktop\Doktorat\RuleBasedClassification\.venv-gpr\lib\site-packages\ucimlrepo\fetch.py"", line 99, in fetch_ucirepo
    raise DatasetNotFoundError('Error reading data csv file for ""{}"" dataset (id={}).'.format(name, id))
ucimlrepo.fetch.DatasetNotFoundError: Error reading data csv file for ""Banknote Authentication"" dataset (id=267).
"
277,Thoracic Surgery,,,ConnectionError,Error connecting to server,"Traceback (most recent call last):
  File ""C:\Users\rzyla\AppData\Roaming\uv\python\cpython-3.10-windows-x86_64-none\lib\urllib\request.py"", line 1348, in do_open
    h.request(req.get_method(), req.selector, req.data, headers,
  File ""C:\Users\rzyla\AppData\Roaming\uv\python\cpython-3.10-windows-x86_64-none\lib\http\client.py"", line 1303, in request
    self._send_request(method, url, body, headers, encode_chunked)
  File ""C:\Users\rzyla\AppData\Roaming\uv\python\cpython-3.10-windows-x86_64-none\lib\http\client.py"", line 1349, in _send_request
    self.endheaders(body, encode_chunked=encode_chunked)
  File ""C:\Users\rzyla\AppData\Roaming\uv\python\cpython-3.10-windows-x86_64-none\lib\http\client.py"", line 1298, in endheaders
    self._send_output(message_body, encode_chunked=encode_chunked)
  File ""C:\Users\rzyla\AppData\Roaming\uv\python\cpython-3.10-windows-x86_64-none\lib\http\client.py"", line 1058, in _send_output
    self.send(msg)
  File ""C:\Users\rzyla\AppData\Roaming\uv\python\cpython-3.10-windows-x86_64-none\lib\http\client.py"", line 996, in send
    self.connect()
  File ""C:\Users\rzyla\AppData\Roaming\uv\python\cpython-3.10-windows-x86_64-none\lib\http\client.py"", line 1468, in connect
    super().connect()
  File ""C:\Users\rzyla\AppData\Roaming\uv\python\cpython-3.10-windows-x86_64-none\lib\http\client.py"", line 962, in connect
    self.sock = self._create_connection(
  File ""C:\Users\rzyla\AppData\Roaming\uv\python\cpython-3.10-windows-x86_64-none\lib\socket.py"", line 857, in create_connection
    raise err
  File ""C:\Users\rzyla\AppData\Roaming\uv\python\cpython-3.10-windows-x86_64-none\lib\socket.py"", line 845, in create_connection
    sock.connect(sa)
TimeoutError: [WinError 10060] Próba połączenia nie powiodła się, ponieważ połączona strona nie odpowiedziała poprawnie po ustalonym okresie czasu lub utworzone połączenie nie powiodło się, ponieważ połączony host nie odpowiedział

During handling of the above exception, another exception occurred:

Traceback (most recent call last):
  File ""C:\Users\rzyla\Desktop\Doktorat\RuleBasedClassification\.venv-gpr\lib\site-packages\ucimlrepo\fetch.py"", line 68, in fetch_ucirepo
    response = urllib.request.urlopen(api_url, context=ssl.create_default_context(cafile=certifi.where()))
  File ""C:\Users\rzyla\AppData\Roaming\uv\python\cpython-3.10-windows-x86_64-none\lib\urllib\request.py"", line 216, in urlopen
    return opener.open(url, data, timeout)
  File ""C:\Users\rzyla\AppData\Roaming\uv\python\cpython-3.10-windows-x86_64-none\lib\urllib\request.py"", line 519, in open
    response = self._open(req, data)
  File ""C:\Users\rzyla\AppData\Roaming\uv\python\cpython-3.10-windows-x86_64-none\lib\urllib\request.py"", line 536, in _open
    result = self._call_chain(self.handle_open, protocol, protocol +
  File ""C:\Users\rzyla\AppData\Roaming\uv\python\cpython-3.10-windows-x86_64-none\lib\urllib\request.py"", line 496, in _call_chain
    result = func(*args)
  File ""C:\Users\rzyla\AppData\Roaming\uv\python\cpython-3.10-windows-x86_64-none\lib\urllib\request.py"", line 1391, in https_open
    return self.do_open(http.client.HTTPSConnection, req,
  File ""C:\Users\rzyla\AppData\Roaming\uv\python\cpython-3.10-windows-x86_64-none\lib\urllib\request.py"", line 1351, in do_open
    raise URLError(err)
urllib.error.URLError: <urlopen error [WinError 10060] Próba połączenia nie powiodła się, ponieważ połączona strona nie odpowiedziała poprawnie po ustalonym okresie czasu lub utworzone połączenie nie powiodło się, ponieważ połączony host nie odpowiedział>

During handling of the above exception, another exception occurred:

Traceback (most recent call last):
  File ""C:\Users\rzyla\Desktop\Doktorat\RuleBasedClassification\utils.py"", line 567, in run_benchmark
    data = load_uci_dataset(
  File ""C:\Users\rzyla\Desktop\Doktorat\RuleBasedClassification\utils.py"", line 220, in load_uci_dataset
    dataset = fetch_ucirepo(id=dataset_id)
  File ""C:\Users\rzyla\Desktop\Doktorat\RuleBasedClassification\.venv-gpr\lib\site-packages\ucimlrepo\fetch.py"", line 71, in fetch_ucirepo
    raise ConnectionError('Error connecting to server')
ConnectionError: Error connecting to server
"
