dataset_id,dataset_name,estimator,accuracy,fit_time,completed_folds
14,Breast Cancer,RandomFuzzyRules__max_rules_len__2,0.762807881773399,0.05525862999493253,10
14,Breast Cancer,RandomFuzzyRules__max_rules_len__3,0.7486453201970443,0.058092879992909685,10
14,Breast Cancer,RandomFuzzyRules__max_rules_len__4,0.7486453201970443,0.059263559989631134,10
14,Breast Cancer,RandomFuzzyRules__max_rules_len__5,0.7555418719211823,0.06388198998756703,10
14,Breast Cancer,RandomFuzzyRules__max_rules_len__6,0.7310344827586207,0.06928046997636553,10
14,Breast Cancer,RandomFuzzyRules__max_rules_len__7,0.7346059113300493,0.0738564900355413,10
15,Breast Cancer Wisconsin (Original),RandomFuzzyRules__max_rules_len__2,0.9699585921325052,0.10179878000635649,10
15,Breast Cancer Wisconsin (Original),RandomFuzzyRules__max_rules_len__3,0.9699585921325052,0.10227916000876573,10
15,Breast Cancer Wisconsin (Original),RandomFuzzyRules__max_rules_len__4,0.9699792960662525,0.10160764001775528,10
15,Breast Cancer Wisconsin (Original),RandomFuzzyRules__max_rules_len__5,0.9699792960662525,0.10193145002704107,10
15,Breast Cancer Wisconsin (Original),RandomFuzzyRules__max_rules_len__6,0.962815734989648,0.11344884000718589,10
15,Breast Cancer Wisconsin (Original),RandomFuzzyRules__max_rules_len__7,0.9527536231884058,0.11437256000936027,10
17,Breast Cancer Wisconsin (Diagnostic),RandomFuzzyRules__max_rules_len__2,0.9385338345864662,0.08257475999416779,10
17,Breast Cancer Wisconsin (Diagnostic),RandomFuzzyRules__max_rules_len__3,0.9402882205513785,0.08280047002481292,10
17,Breast Cancer Wisconsin (Diagnostic),RandomFuzzyRules__max_rules_len__4,0.9350563909774436,0.09224210998509073,10
17,Breast Cancer Wisconsin (Diagnostic),RandomFuzzyRules__max_rules_len__5,0.9280075187969926,0.08642453995998944,10
17,Breast Cancer Wisconsin (Diagnostic),RandomFuzzyRules__max_rules_len__6,0.9491228070175438,0.08991081002168352,10
17,Breast Cancer Wisconsin (Diagnostic),RandomFuzzyRules__max_rules_len__7,0.9455513784461154,0.09186002000933509,10
27,Credit Approval,RandomFuzzyRules__max_rules_len__2,0.846376811594203,0.07502503001596773,10
27,Credit Approval,RandomFuzzyRules__max_rules_len__3,0.844927536231884,0.06874895000364627,10
27,Credit Approval,RandomFuzzyRules__max_rules_len__4,0.8391304347826087,0.07466673000017175,10
27,Credit Approval,RandomFuzzyRules__max_rules_len__5,0.8492753623188406,0.0801020400249399,10
27,Credit Approval,RandomFuzzyRules__max_rules_len__6,0.844927536231884,0.08911431999877091,10
27,Credit Approval,RandomFuzzyRules__max_rules_len__7,0.8478260869565217,0.08455331998411561,10
43,Haberman's Survival,RandomFuzzyRules__max_rules_len__2,0.7611827956989247,0.08213338000932704,10
43,Haberman's Survival,RandomFuzzyRules__max_rules_len__3,0.7611827956989247,0.0885210199980065,10
43,Haberman's Survival,RandomFuzzyRules__max_rules_len__4,0.7449462365591397,0.11142048999899994,10
43,Haberman's Survival,RandomFuzzyRules__max_rules_len__5,0.7578494623655914,0.1512231300002895,10
43,Haberman's Survival,RandomFuzzyRules__max_rules_len__6,0.7744086021505376,0.18721149000339207,10
43,Haberman's Survival,RandomFuzzyRules__max_rules_len__7,0.7382795698924731,0.2219707699958235,10
45,Heart Disease,RandomFuzzyRules__max_rules_len__2,0.7255913978494624,0.05682180000003421,10
45,Heart Disease,RandomFuzzyRules__max_rules_len__3,0.7488172043010752,0.05565334998536851,10
45,Heart Disease,RandomFuzzyRules__max_rules_len__4,0.772258064516129,0.05891151003306727,10
45,Heart Disease,RandomFuzzyRules__max_rules_len__5,0.8083870967741935,0.062162950006313576,10
45,Heart Disease,RandomFuzzyRules__max_rules_len__6,0.7625806451612903,0.0632265200023539,10
45,Heart Disease,RandomFuzzyRules__max_rules_len__7,0.7420430107526881,0.06420609002234409,10
46,Hepatitis,RandomFuzzyRules__max_rules_len__2,0.8058333333333334,0.04662106999894599,10
46,Hepatitis,RandomFuzzyRules__max_rules_len__3,0.81875,0.04759509998839345,10
46,Hepatitis,RandomFuzzyRules__max_rules_len__4,0.80625,0.0487197399954311,10
46,Hepatitis,RandomFuzzyRules__max_rules_len__5,0.7741666666666667,0.0496528299991041,10
46,Hepatitis,RandomFuzzyRules__max_rules_len__6,0.7604166666666666,0.05165057999547566,10
46,Hepatitis,RandomFuzzyRules__max_rules_len__7,0.7933333333333333,0.05303494000108908,10
52,Ionosphere,RandomFuzzyRules__max_rules_len__2,0.7948412698412699,0.05787395002553234,10
52,Ionosphere,RandomFuzzyRules__max_rules_len__3,0.8573809523809525,0.06291703002061691,10
52,Ionosphere,RandomFuzzyRules__max_rules_len__4,0.7947619047619048,0.05774387998972084,10
52,Ionosphere,RandomFuzzyRules__max_rules_len__5,0.7976190476190477,0.0623539900174364,10
52,Ionosphere,RandomFuzzyRules__max_rules_len__6,0.8831746031746033,0.0640274900360964,10
52,Ionosphere,RandomFuzzyRules__max_rules_len__7,0.8004761904761905,0.06533217998221513,10
74,Musk (Version 1),RandomFuzzyRules__max_rules_len__2,0.6683067375886524,0.05521868002833795,10
74,Musk (Version 1),RandomFuzzyRules__max_rules_len__3,0.708200354609929,0.05847535999491806,10
74,Musk (Version 1),RandomFuzzyRules__max_rules_len__4,0.708200354609929,0.059769119985867245,10
74,Musk (Version 1),RandomFuzzyRules__max_rules_len__5,0.708200354609929,0.06557368000503624,10
74,Musk (Version 1),RandomFuzzyRules__max_rules_len__6,0.6788120567375886,0.07480740000028158,10
74,Musk (Version 1),RandomFuzzyRules__max_rules_len__7,0.708200354609929,0.07384114000014956,10
75,Musk (Version 2),RandomFuzzyRules__max_rules_len__2,0.8505607670023452,0.4493758000084199,10
75,Musk (Version 2),RandomFuzzyRules__max_rules_len__3,0.8560180714581321,0.46485832999460397,10
75,Musk (Version 2),RandomFuzzyRules__max_rules_len__4,0.8519260127833725,0.5056681500049308,10
75,Musk (Version 2),RandomFuzzyRules__max_rules_len__5,0.8531381339954937,0.5274239300051704,10
75,Musk (Version 2),RandomFuzzyRules__max_rules_len__6,0.8522313422541041,0.5589730600011535,10
75,Musk (Version 2),RandomFuzzyRules__max_rules_len__7,0.8660208304593737,0.561563830031082,10
94,Spambase,RandomFuzzyRules__max_rules_len__2,0.6274700556446289,0.20062379000009964,10
94,Spambase,RandomFuzzyRules__max_rules_len__3,0.639427992077714,0.2129371400224045,10
94,Spambase,RandomFuzzyRules__max_rules_len__4,0.6335546543431104,0.22739112001145254,10
94,Spambase,RandomFuzzyRules__max_rules_len__5,0.6161690087711025,0.2506719899945892,10
94,Spambase,RandomFuzzyRules__max_rules_len__6,0.6239946241629728,0.25450855998788025,10
94,Spambase,RandomFuzzyRules__max_rules_len__7,0.6172564368574932,0.2652300800196826,10
95,SPECT Heart,RandomFuzzyRules__max_rules_len__2,0.7944444444444445,0.050475649989675686,10
95,SPECT Heart,RandomFuzzyRules__max_rules_len__3,0.7158119658119658,0.050566779996734056,10
95,SPECT Heart,RandomFuzzyRules__max_rules_len__4,0.7794871794871795,0.05135327001335095,10
95,SPECT Heart,RandomFuzzyRules__max_rules_len__5,0.8319088319088319,0.052384489995893034,10
95,SPECT Heart,RandomFuzzyRules__max_rules_len__6,0.7491452991452991,0.05371200999943533,10
95,SPECT Heart,RandomFuzzyRules__max_rules_len__7,0.8321937321937323,0.054106089973356544,10
105,Congressional Voting Records,RandomFuzzyRules__max_rules_len__2,0.9563424947145878,0.05781685999827454,10
105,Congressional Voting Records,RandomFuzzyRules__max_rules_len__3,0.9563424947145878,0.055220690032001515,10
105,Congressional Voting Records,RandomFuzzyRules__max_rules_len__4,0.9563424947145878,0.05652646997477854,10
105,Congressional Voting Records,RandomFuzzyRules__max_rules_len__5,0.9563424947145878,0.05943268000846724,10
105,Congressional Voting Records,RandomFuzzyRules__max_rules_len__6,0.9563424947145878,0.05970657001016657,10
105,Congressional Voting Records,RandomFuzzyRules__max_rules_len__7,0.9563424947145878,0.06395575999049466,10
144,Statlog (German Credit Data),RandomFuzzyRules__max_rules_len__2,0.6950000000000001,0.07133619997184718,10
144,Statlog (German Credit Data),RandomFuzzyRules__max_rules_len__3,0.706,0.08530923001235347,10
144,Statlog (German Credit Data),RandomFuzzyRules__max_rules_len__4,0.705,0.07286632000468665,10
144,Statlog (German Credit Data),RandomFuzzyRules__max_rules_len__5,0.705,0.07992299998877565,10
144,Statlog (German Credit Data),RandomFuzzyRules__max_rules_len__6,0.726,0.08220919996965671,10
144,Statlog (German Credit Data),RandomFuzzyRules__max_rules_len__7,0.715,0.0863894299836829,10
151,"Connectionist Bench (Sonar, Mines vs. Rocks)",RandomFuzzyRules__max_rules_len__2,0.7635714285714286,0.04720400000223886,10
151,"Connectionist Bench (Sonar, Mines vs. Rocks)",RandomFuzzyRules__max_rules_len__3,0.7059523809523809,0.04778126002056518,10
151,"Connectionist Bench (Sonar, Mines vs. Rocks)",RandomFuzzyRules__max_rules_len__4,0.7023809523809523,0.05098230000585313,10
151,"Connectionist Bench (Sonar, Mines vs. Rocks)",RandomFuzzyRules__max_rules_len__5,0.75,0.05544326002709564,10
151,"Connectionist Bench (Sonar, Mines vs. Rocks)",RandomFuzzyRules__max_rules_len__6,0.7307142857142856,0.0529740199912339,10
151,"Connectionist Bench (Sonar, Mines vs. Rocks)",RandomFuzzyRules__max_rules_len__7,0.6678571428571429,0.05889055001316586,10
161,Mammographic Mass,RandomFuzzyRules__max_rules_len__2,0.7887886597938144,0.08681598997209215,10
161,Mammographic Mass,RandomFuzzyRules__max_rules_len__3,0.7908827319587629,0.09084814999951045,10
161,Mammographic Mass,RandomFuzzyRules__max_rules_len__4,0.8095468213058419,0.09835428000660608,10
161,Mammographic Mass,RandomFuzzyRules__max_rules_len__5,0.7856743986254295,0.10720720000099386,10
161,Mammographic Mass,RandomFuzzyRules__max_rules_len__6,0.8022981099656358,0.11707571001024915,10
161,Mammographic Mass,RandomFuzzyRules__max_rules_len__7,0.8096005154639176,0.12486641997238616,10
174,Parkinsons,RandomFuzzyRules__max_rules_len__2,0.8142105263157895,0.05017765997909004,10
174,Parkinsons,RandomFuzzyRules__max_rules_len__3,0.8297368421052631,0.052694939984939945,10
174,Parkinsons,RandomFuzzyRules__max_rules_len__4,0.876578947368421,0.05320671998197207,10
174,Parkinsons,RandomFuzzyRules__max_rules_len__5,0.8607894736842105,0.059757149999495565,10
174,Parkinsons,RandomFuzzyRules__max_rules_len__6,0.8242105263157894,0.057457110006362146,10
174,Parkinsons,RandomFuzzyRules__max_rules_len__7,0.8710526315789474,0.05857127999188376,10
176,Blood Transfusion Service Center,RandomFuzzyRules__max_rules_len__2,0.7619639639639639,0.08375385998515408,10
176,Blood Transfusion Service Center,RandomFuzzyRules__max_rules_len__3,0.7633333333333333,0.08485500998795029,10
176,Blood Transfusion Service Center,RandomFuzzyRules__max_rules_len__4,0.7646666666666666,0.10123810998629774,10
176,Blood Transfusion Service Center,RandomFuzzyRules__max_rules_len__5,0.7713333333333333,0.11215472999028857,10
176,Blood Transfusion Service Center,RandomFuzzyRules__max_rules_len__6,0.770018018018018,0.1248353700037114,10
176,Blood Transfusion Service Center,RandomFuzzyRules__max_rules_len__7,0.7659639639639639,0.1364260099944658,10
222,Bank Marketing,RandomFuzzyRules__max_rules_len__2,0.8929021537019096,2.247533340018708,10
222,Bank Marketing,RandomFuzzyRules__max_rules_len__3,0.8927473207003613,2.1982413400080985,10
222,Bank Marketing,RandomFuzzyRules__max_rules_len__4,0.8929021537019096,2.218260799988639,10
222,Bank Marketing,RandomFuzzyRules__max_rules_len__5,0.8929021537019096,2.2059856799896806,10
222,Bank Marketing,RandomFuzzyRules__max_rules_len__6,0.8929021537019096,2.4088723599677904,10
222,Bank Marketing,RandomFuzzyRules__max_rules_len__7,0.8927030826999189,2.329502439976204,10
225,ILPD (Indian Liver Patient Dataset),RandomFuzzyRules__max_rules_len__2,0.6998246639392168,0.07990005001192907,10
225,ILPD (Indian Liver Patient Dataset),RandomFuzzyRules__max_rules_len__3,0.698042080654588,0.08418167000636453,10
225,ILPD (Indian Liver Patient Dataset),RandomFuzzyRules__max_rules_len__4,0.6981589713617767,0.0850438499823212,10
225,ILPD (Indian Liver Patient Dataset),RandomFuzzyRules__max_rules_len__5,0.6912039742840445,0.08685451999772335,10
225,ILPD (Indian Liver Patient Dataset),RandomFuzzyRules__max_rules_len__6,0.6946814728229106,0.08098009999375784,10
225,ILPD (Indian Liver Patient Dataset),RandomFuzzyRules__max_rules_len__7,0.7203974284044419,0.09637560000410299,10
264,EEG Eye State,RandomFuzzyRules__max_rules_len__2,0.5825100133511348,0.5737710900139064,10
264,EEG Eye State,RandomFuzzyRules__max_rules_len__3,0.5814419225634179,0.6319145399844274,10
264,EEG Eye State,RandomFuzzyRules__max_rules_len__4,0.581909212283044,0.630751779989805,10
264,EEG Eye State,RandomFuzzyRules__max_rules_len__5,0.5766355140186916,0.6444919600035064,10
264,EEG Eye State,RandomFuzzyRules__max_rules_len__6,0.5795727636849132,0.6897525999927894,10
264,EEG Eye State,RandomFuzzyRules__max_rules_len__7,0.5779038718291055,0.682177429983858,10
267,Banknote Authentication,RandomFuzzyRules__max_rules_len__2,0.9526235057653654,0.1124310999875888,10
267,Banknote Authentication,RandomFuzzyRules__max_rules_len__3,0.894329842378081,0.11691671001026402,10
267,Banknote Authentication,RandomFuzzyRules__max_rules_len__4,0.9271025071405903,0.11917883000569414,10
267,Banknote Authentication,RandomFuzzyRules__max_rules_len__5,0.8899555696604253,0.1335524800000712,10
267,Banknote Authentication,RandomFuzzyRules__max_rules_len__6,0.9343964878874431,0.15076360000530256,10
267,Banknote Authentication,RandomFuzzyRules__max_rules_len__7,0.9314979371628056,0.1544564100215211,10
277,Thoracic Surgery Data,RandomFuzzyRules__max_rules_len__2,0.8468085106382979,0.05487686000997195,10
277,Thoracic Surgery Data,RandomFuzzyRules__max_rules_len__3,0.8468085106382979,0.05601198999211188,10
277,Thoracic Surgery Data,RandomFuzzyRules__max_rules_len__4,0.8404255319148936,0.05746352998539801,10
277,Thoracic Surgery Data,RandomFuzzyRules__max_rules_len__5,0.8446808510638298,0.06088446000358085,10
277,Thoracic Surgery Data,RandomFuzzyRules__max_rules_len__6,0.8446808510638298,0.06269241003319617,10
277,Thoracic Surgery Data,RandomFuzzyRules__max_rules_len__7,0.8446808510638298,0.060688480001408564,10
327,Phishing Websites,RandomFuzzyRules__max_rules_len__2,0.8903674731820674,0.4785701500135474,10
327,Phishing Websites,RandomFuzzyRules__max_rules_len__3,0.9062868107320824,0.4953906900016591,10
327,Phishing Websites,RandomFuzzyRules__max_rules_len__4,0.8897341526678831,0.5282266299705952,10
327,Phishing Websites,RandomFuzzyRules__max_rules_len__5,0.8972421919108442,0.5788327899994329,10
327,Phishing Websites,RandomFuzzyRules__max_rules_len__6,0.8920852937085252,0.5868331500096247,10
327,Phishing Websites,RandomFuzzyRules__max_rules_len__7,0.9062868107320824,0.5710077699972317,10
329,Diabetic Retinopathy Debrecen,RandomFuzzyRules__max_rules_len__2,0.6003223388305847,0.08825294001726429,10
329,Diabetic Retinopathy Debrecen,RandomFuzzyRules__max_rules_len__3,0.6263943028485757,0.08848358998075125,10
329,Diabetic Retinopathy Debrecen,RandomFuzzyRules__max_rules_len__4,0.5794902548725637,0.09410725000780071,10
329,Diabetic Retinopathy Debrecen,RandomFuzzyRules__max_rules_len__5,0.6090029985007497,0.09715446000918744,10
329,Diabetic Retinopathy Debrecen,RandomFuzzyRules__max_rules_len__6,0.600352323838081,0.09503490999341005,10
329,Diabetic Retinopathy Debrecen,RandomFuzzyRules__max_rules_len__7,0.6055622188905547,0.09960211000870911,10
451,Breast Cancer Coimbra,RandomFuzzyRules__max_rules_len__2,0.8212121212121213,0.04956126000033687,10
451,Breast Cancer Coimbra,RandomFuzzyRules__max_rules_len__3,0.6818181818181819,0.05192399999359618,10
451,Breast Cancer Coimbra,RandomFuzzyRules__max_rules_len__4,0.7166666666666667,0.053288810013327706,10
451,Breast Cancer Coimbra,RandomFuzzyRules__max_rules_len__5,0.6583333333333334,0.05769952998962248,10
451,Breast Cancer Coimbra,RandomFuzzyRules__max_rules_len__6,0.6454545454545454,0.059736620006151465,10
451,Breast Cancer Coimbra,RandomFuzzyRules__max_rules_len__7,0.6734848484848486,0.06584186998661604,10
519,Heart Failure Clinical Records,RandomFuzzyRules__max_rules_len__2,0.8527586206896552,0.056732240016572136,10
519,Heart Failure Clinical Records,RandomFuzzyRules__max_rules_len__3,0.8293103448275863,0.05604709998005997,10
519,Heart Failure Clinical Records,RandomFuzzyRules__max_rules_len__4,0.849425287356322,0.05631200999487185,10
519,Heart Failure Clinical Records,RandomFuzzyRules__max_rules_len__5,0.8327586206896551,0.06240666998783123,10
519,Heart Failure Clinical Records,RandomFuzzyRules__max_rules_len__6,0.8327586206896551,0.06699948002351444,10
519,Heart Failure Clinical Records,RandomFuzzyRules__max_rules_len__7,0.8293103448275863,0.06859964999603105,10
529,Early Stage Diabetes Risk Prediction,RandomFuzzyRules__max_rules_len__2,0.8596153846153847,0.06062539002159607,10
529,Early Stage Diabetes Risk Prediction,RandomFuzzyRules__max_rules_len__3,0.8711538461538462,0.0661500600050203,10
529,Early Stage Diabetes Risk Prediction,RandomFuzzyRules__max_rules_len__4,0.875,0.06106370000634339,10
529,Early Stage Diabetes Risk Prediction,RandomFuzzyRules__max_rules_len__5,0.8826923076923077,0.06689932002918791,10
529,Early Stage Diabetes Risk Prediction,RandomFuzzyRules__max_rules_len__6,0.8865384615384617,0.0678608999936841,10
529,Early Stage Diabetes Risk Prediction,RandomFuzzyRules__max_rules_len__7,0.8557692307692308,0.07078859000466761,10
