study,value,repeat,estimator,n_samples,n_original_features,n_numerical_features,n_categorical_features,n_transformed_features,n_candidates,fit_time,fit_wall_time,status
samples,128,0,RFR,128,70,60,10,100,10000,0.04186550000000011,0.04186550000000011,ok
samples,128,0,GPR,128,70,60,10,100,,0.7922675000000083,1.4490936999999917,ok
samples,128,0,FIGS,128,70,60,10,100,,0.043307900000002064,0.043307900000002064,ok
samples,128,0,RuleFit,128,70,60,10,100,,1.2182251000000122,1.2182251000000122,ok
samples,128,0,HSTree,128,70,60,10,100,,0.0057756999999867276,0.0057756999999867276,ok
samples,128,0,GreedyRuleList,128,70,60,10,100,,0.004758700000024874,0.004758700000024874,ok
samples,128,1,RFR,128,70,60,10,100,10000,0.04177620000001525,0.04177620000001525,ok
samples,128,1,GPR,128,70,60,10,100,,0.6694774000000052,1.525711699999988,ok
samples,128,1,FIGS,128,70,60,10,100,,0.08601580000001263,0.08601580000001263,ok
samples,128,1,RuleFit,128,70,60,10,100,,1.5443209000000024,1.5443209000000024,ok
samples,128,1,HSTree,128,70,60,10,100,,0.008168100000006007,0.008168100000006007,ok
samples,128,1,GreedyRuleList,128,70,60,10,100,,0.004984900000010839,0.004984900000010839,ok
samples,128,2,RFR,128,70,60,10,100,10000,0.06923589999999535,0.06923589999999535,ok
samples,128,2,GPR,128,70,60,10,100,,1.1958854000000088,1.9462677000000213,ok
samples,128,2,FIGS,128,70,60,10,100,,0.08523260000001187,0.08523260000001187,ok
samples,128,2,RuleFit,128,70,60,10,100,,1.1755601000000127,1.1755601000000127,ok
samples,128,2,HSTree,128,70,60,10,100,,0.005544400000019323,0.005544400000019323,ok
samples,128,2,GreedyRuleList,128,70,60,10,100,,0.003436800000002904,0.003436800000002904,ok
samples,128,3,RFR,128,70,60,10,100,10000,0.041467799999992394,0.041467799999992394,ok
samples,128,3,GPR,128,70,60,10,100,,0.80515410000001,1.4698664000000008,ok
samples,128,3,FIGS,128,70,60,10,100,,0.0441558999999927,0.0441558999999927,ok
samples,128,3,RuleFit,128,70,60,10,100,,1.1704484000000264,1.1704484000000264,ok
samples,128,3,HSTree,128,70,60,10,100,,0.006822999999997137,0.006822999999997137,ok
samples,128,3,GreedyRuleList,128,70,60,10,100,,0.005843999999996186,0.005843999999996186,ok
samples,128,4,RFR,128,70,60,10,100,10000,0.042469699999998056,0.042469699999998056,ok
samples,128,4,GPR,128,70,60,10,100,,0.7530680999999788,1.4194571999999823,ok
samples,128,4,FIGS,128,70,60,10,100,,0.08718650000000139,0.08718650000000139,ok
samples,128,4,RuleFit,128,70,60,10,100,,1.1701316999999847,1.1701316999999847,ok
samples,128,4,HSTree,128,70,60,10,100,,0.00454670000002011,0.00454670000002011,ok
samples,128,4,GreedyRuleList,128,70,60,10,100,,0.005517499999996289,0.005517499999996289,ok
samples,256,0,RFR,256,70,60,10,100,10000,0.056546699999984185,0.056546699999984185,ok
samples,256,0,GPR,256,70,60,10,100,,0.6578642000000059,1.3249222999999972,ok
samples,256,0,FIGS,256,70,60,10,100,,0.10885989999999879,0.10885989999999879,ok
samples,256,0,RuleFit,256,70,60,10,100,,1.3751255999999898,1.3751255999999898,ok
samples,256,0,HSTree,256,70,60,10,100,,0.014283199999994167,0.014283199999994167,ok
samples,256,0,GreedyRuleList,256,70,60,10,100,,0.009194600000000719,0.009194600000000719,ok
samples,256,1,RFR,256,70,60,10,100,10000,0.05836469999999849,0.05836469999999849,ok
samples,256,1,GPR,256,70,60,10,100,,1.0314432000000124,1.711507900000015,ok
samples,256,1,FIGS,256,70,60,10,100,,0.14387849999999958,0.14387849999999958,ok
samples,256,1,RuleFit,256,70,60,10,100,,1.3849095000000204,1.3849095000000204,ok
samples,256,1,HSTree,256,70,60,10,100,,0.011502800000016578,0.011502800000016578,ok
samples,256,1,GreedyRuleList,256,70,60,10,100,,0.008551100000005363,0.008551100000005363,ok
samples,256,2,RFR,256,70,60,10,100,10000,0.0589960000000076,0.0589960000000076,ok
samples,256,2,GPR,256,70,60,10,100,,0.7411900000000173,1.3805671000000075,ok
samples,256,2,FIGS,256,70,60,10,100,,0.16061070000000655,0.16061070000000655,ok
samples,256,2,RuleFit,256,70,60,10,100,,1.3224256999999966,1.3224256999999966,ok
samples,256,2,HSTree,256,70,60,10,100,,0.012574599999993552,0.012574599999993552,ok
samples,256,2,GreedyRuleList,256,70,60,10,100,,0.008804099999991877,0.008804099999991877,ok
samples,256,3,RFR,256,70,60,10,100,10000,0.058287099999972725,0.058287099999972725,ok
samples,256,3,GPR,256,70,60,10,100,,1.1288562000000013,1.8267854000000057,ok
samples,256,3,FIGS,256,70,60,10,100,,0.1331130000000087,0.1331130000000087,ok
samples,256,3,RuleFit,256,70,60,10,100,,1.413953399999997,1.413953399999997,ok
samples,256,3,HSTree,256,70,60,10,100,,0.010204500000014605,0.010204500000014605,ok
samples,256,3,GreedyRuleList,256,70,60,10,100,,0.006401199999999108,0.006401199999999108,ok
samples,256,4,RFR,256,70,60,10,100,10000,0.05592580000001135,0.05592580000001135,ok
samples,256,4,GPR,256,70,60,10,100,,1.0746437999999898,1.7463537000000144,ok
samples,256,4,FIGS,256,70,60,10,100,,0.13468009999999708,0.13468009999999708,ok
samples,256,4,RuleFit,256,70,60,10,100,,1.360069799999991,1.360069799999991,ok
samples,256,4,HSTree,256,70,60,10,100,,0.011527999999998428,0.011527999999998428,ok
samples,256,4,GreedyRuleList,256,70,60,10,100,,0.005035700000007637,0.005035700000007637,ok
samples,512,0,RFR,512,70,60,10,100,10000,0.09722479999999223,0.09722479999999223,ok
samples,512,0,GPR,512,70,60,10,100,,1.2618454999999926,2.1138574000000006,ok
samples,512,0,FIGS,512,70,60,10,100,,0.29423810000000117,0.29423810000000117,ok
samples,512,0,RuleFit,512,70,60,10,100,,2.140490900000003,2.140490900000003,ok
samples,512,0,HSTree,512,70,60,10,100,,0.02203169999998522,0.02203169999998522,ok
samples,512,0,GreedyRuleList,512,70,60,10,100,,0.014898799999997436,0.014898799999997436,ok
samples,512,1,RFR,512,70,60,10,100,10000,0.09898689999999988,0.09898689999999988,ok
samples,512,1,GPR,512,70,60,10,100,,0.5572942000000012,1.2135279000000025,ok
samples,512,1,FIGS,512,70,60,10,100,,0.27834459999999694,0.27834459999999694,ok
samples,512,1,RuleFit,512,70,60,10,100,,2.212427400000024,2.212427400000024,ok
samples,512,1,HSTree,512,70,60,10,100,,0.02068909999999846,0.02068909999999846,ok
samples,512,1,GreedyRuleList,512,70,60,10,100,,0.014484100000004219,0.014484100000004219,ok
samples,512,2,RFR,512,70,60,10,100,10000,0.0998745999999926,0.0998745999999926,ok
samples,512,2,GPR,512,70,60,10,100,,0.8510443000000123,1.4990464999999915,ok
samples,512,2,FIGS,512,70,60,10,100,,0.24792780000001358,0.24792780000001358,ok
samples,512,2,RuleFit,512,70,60,10,100,,2.187180799999993,2.187180799999993,ok
samples,512,2,HSTree,512,70,60,10,100,,0.017697200000014846,0.017697200000014846,ok
samples,512,2,GreedyRuleList,512,70,60,10,100,,0.013660799999996698,0.013660799999996698,ok
samples,512,3,RFR,512,70,60,10,100,10000,0.09928690000000984,0.09928690000000984,ok
samples,512,3,GPR,512,70,60,10,100,,0.7678914999999904,1.430018600000011,ok
samples,512,3,FIGS,512,70,60,10,100,,0.24240660000000958,0.24240660000000958,ok
samples,512,3,RuleFit,512,70,60,10,100,,2.1453311000000213,2.1453311000000213,ok
samples,512,3,HSTree,512,70,60,10,100,,0.021242099999994934,0.021242099999994934,ok
samples,512,3,GreedyRuleList,512,70,60,10,100,,0.012723300000004656,0.012723300000004656,ok
samples,512,4,RFR,512,70,60,10,100,10000,0.09740840000000617,0.09740840000000617,ok
samples,512,4,GPR,512,70,60,10,100,,0.7385438999999963,1.430437100000006,ok
samples,512,4,FIGS,512,70,60,10,100,,0.28453799999999774,0.28453799999999774,ok
samples,512,4,RuleFit,512,70,60,10,100,,2.177580699999993,2.177580699999993,ok
samples,512,4,HSTree,512,70,60,10,100,,0.021332200000017565,0.021332200000017565,ok
samples,512,4,GreedyRuleList,512,70,60,10,100,,0.014866900000015448,0.014866900000015448,ok
samples,1024,0,RFR,1024,70,60,10,100,10000,0.17485540000001265,0.17485540000001265,ok
samples,1024,0,GPR,1024,70,60,10,100,,0.8667298999999957,1.5524018000000126,ok
samples,1024,0,FIGS,1024,70,60,10,100,,0.5703377000000103,0.5703377000000103,ok
samples,1024,0,RuleFit,1024,70,60,10,100,,2.897654700000004,2.897654700000004,ok
samples,1024,0,HSTree,1024,70,60,10,100,,0.03721780000000763,0.03721780000000763,ok
samples,1024,0,GreedyRuleList,1024,70,60,10,100,,0.021899799999999914,0.021899799999999914,ok
samples,1024,1,RFR,1024,70,60,10,100,10000,0.17573630000001117,0.17573630000001117,ok
samples,1024,1,GPR,1024,70,60,10,100,,1.240689400000008,1.9254305000000045,ok
samples,1024,1,FIGS,1024,70,60,10,100,,0.583007600000002,0.583007600000002,ok
samples,1024,1,RuleFit,1024,70,60,10,100,,2.8882963000000075,2.8882963000000075,ok
samples,1024,1,HSTree,1024,70,60,10,100,,0.03796370000000593,0.03796370000000593,ok
samples,1024,1,GreedyRuleList,1024,70,60,10,100,,0.02182200000001444,0.02182200000001444,ok
samples,1024,2,RFR,1024,70,60,10,100,10000,0.17497489999999516,0.17497489999999516,ok
samples,1024,2,GPR,1024,70,60,10,100,,0.7133056000000124,1.3931096000000025,ok
samples,1024,2,FIGS,1024,70,60,10,100,,0.5728300000000104,0.5728300000000104,ok
samples,1024,2,RuleFit,1024,70,60,10,100,,3.0058877000000166,3.0058877000000166,ok
samples,1024,2,HSTree,1024,70,60,10,100,,0.03786660000000097,0.03786660000000097,ok
samples,1024,2,GreedyRuleList,1024,70,60,10,100,,0.021988300000003846,0.021988300000003846,ok
samples,1024,3,RFR,1024,70,60,10,100,10000,0.17334320000000503,0.17334320000000503,ok
samples,1024,3,GPR,1024,70,60,10,100,,0.7338356000000203,1.4117650999999967,ok
samples,1024,3,FIGS,1024,70,60,10,100,,0.4921845000000076,0.4921845000000076,ok
samples,1024,3,RuleFit,1024,70,60,10,100,,2.940452799999946,2.940452799999946,ok
samples,1024,3,HSTree,1024,70,60,10,100,,0.03826409999999214,0.03826409999999214,ok
samples,1024,3,GreedyRuleList,1024,70,60,10,100,,0.024805599999979222,0.024805599999979222,ok
samples,1024,4,RFR,1024,70,60,10,100,10000,0.17454459999999017,0.17454459999999017,ok
samples,1024,4,GPR,1024,70,60,10,100,,0.7548620999999684,1.4514354000000367,ok
samples,1024,4,FIGS,1024,70,60,10,100,,0.5334064999999555,0.5334064999999555,ok
samples,1024,4,RuleFit,1024,70,60,10,100,,2.8533424999999966,2.8533424999999966,ok
samples,1024,4,HSTree,1024,70,60,10,100,,0.03883780000001025,0.03883780000001025,ok
samples,1024,4,GreedyRuleList,1024,70,60,10,100,,0.024112899999977344,0.024112899999977344,ok
samples,2048,0,RFR,2048,70,60,10,100,10000,0.32190239999999903,0.32190239999999903,ok
samples,2048,0,GPR,2048,70,60,10,100,,0.9085829000000558,1.5993640000000369,ok
samples,2048,0,FIGS,2048,70,60,10,100,,1.1435459000000492,1.1435459000000492,ok
samples,2048,0,RuleFit,2048,70,60,10,100,,4.481699200000037,4.481699200000037,ok
samples,2048,0,HSTree,2048,70,60,10,100,,0.07416790000002038,0.07416790000002038,ok
samples,2048,0,GreedyRuleList,2048,70,60,10,100,,0.04111629999999877,0.04111629999999877,ok
samples,2048,1,RFR,2048,70,60,10,100,10000,0.3208823999999595,0.3208823999999595,ok
samples,2048,1,GPR,2048,70,60,10,100,,0.9803302999999914,1.6585481999999843,ok
samples,2048,1,FIGS,2048,70,60,10,100,,1.1563910999999507,1.1563910999999507,ok
samples,2048,1,RuleFit,2048,70,60,10,100,,4.4850218999999925,4.4850218999999925,ok
samples,2048,1,HSTree,2048,70,60,10,100,,0.0704188000000272,0.0704188000000272,ok
samples,2048,1,GreedyRuleList,2048,70,60,10,100,,0.04363530000000537,0.04363530000000537,ok
samples,2048,2,RFR,2048,70,60,10,100,10000,0.32345900000001393,0.32345900000001393,ok
samples,2048,2,GPR,2048,70,60,10,100,,0.8106468999999947,1.4766237000000046,ok
samples,2048,2,FIGS,2048,70,60,10,100,,1.1585638000000245,1.1585638000000245,ok
samples,2048,2,RuleFit,2048,70,60,10,100,,4.487921700000015,4.487921700000015,ok
samples,2048,2,HSTree,2048,70,60,10,100,,0.07354740000005222,0.07354740000005222,ok
samples,2048,2,GreedyRuleList,2048,70,60,10,100,,0.03705230000002757,0.03705230000002757,ok
samples,2048,3,RFR,2048,70,60,10,100,10000,0.32047470000003386,0.32047470000003386,ok
samples,2048,3,GPR,2048,70,60,10,100,,0.8175901999999837,1.4815623000000073,ok
samples,2048,3,FIGS,2048,70,60,10,100,,1.0972413000000074,1.0972413000000074,ok
samples,2048,3,RuleFit,2048,70,60,10,100,,4.634522899999979,4.634522899999979,ok
samples,2048,3,HSTree,2048,70,60,10,100,,0.07823239999999032,0.07823239999999032,ok
samples,2048,3,GreedyRuleList,2048,70,60,10,100,,0.0412804000000051,0.0412804000000051,ok
samples,2048,4,RFR,2048,70,60,10,100,10000,0.32835660000000644,0.32835660000000644,ok
samples,2048,4,GPR,2048,70,60,10,100,,0.7745955000000322,1.4269995999999878,ok
samples,2048,4,FIGS,2048,70,60,10,100,,1.1583430000000021,1.1583430000000021,ok
samples,2048,4,RuleFit,2048,70,60,10,100,,4.610100000000045,4.610100000000045,ok
samples,2048,4,HSTree,2048,70,60,10,100,,0.07308679999999868,0.07308679999999868,ok
samples,2048,4,GreedyRuleList,2048,70,60,10,100,,0.0345414999999889,0.0345414999999889,ok
samples,4096,0,RFR,4096,70,60,10,100,10000,0.6189230000000521,0.6189230000000521,ok
samples,4096,0,GPR,4096,70,60,10,100,,0.9684043999999972,1.6235955999999874,ok
samples,4096,0,FIGS,4096,70,60,10,100,,2.3798835000000054,2.3798835000000054,ok
samples,4096,0,RuleFit,4096,70,60,10,100,,7.369937300000004,7.369937300000004,ok
samples,4096,0,HSTree,4096,70,60,10,100,,0.14878279999999222,0.14878279999999222,ok
samples,4096,0,GreedyRuleList,4096,70,60,10,100,,0.07409370000004856,0.07409370000004856,ok
samples,4096,1,RFR,4096,70,60,10,100,10000,0.6272862000000146,0.6272862000000146,ok
samples,4096,1,GPR,4096,70,60,10,100,,1.0519730999999979,1.749174499999981,ok
samples,4096,1,FIGS,4096,70,60,10,100,,2.3330559000000335,2.3330559000000335,ok
samples,4096,1,RuleFit,4096,70,60,10,100,,7.545211800000004,7.545211800000004,ok
samples,4096,1,HSTree,4096,70,60,10,100,,0.14472319999998717,0.14472319999998717,ok
samples,4096,1,GreedyRuleList,4096,70,60,10,100,,0.07600439999998798,0.07600439999998798,ok
samples,4096,2,RFR,4096,70,60,10,100,10000,0.6174652000000265,0.6174652000000265,ok
samples,4096,2,GPR,4096,70,60,10,100,,0.948230599999988,1.6214087000000177,ok
samples,4096,2,FIGS,4096,70,60,10,100,,2.4132360000000403,2.4132360000000403,ok
samples,4096,2,RuleFit,4096,70,60,10,100,,7.241848300000015,7.241848300000015,ok
samples,4096,2,HSTree,4096,70,60,10,100,,0.1494574999999827,0.1494574999999827,ok
samples,4096,2,GreedyRuleList,4096,70,60,10,100,,0.07277549999997746,0.07277549999997746,ok
samples,4096,3,RFR,4096,70,60,10,100,10000,0.6230062000000203,0.6230062000000203,ok
samples,4096,3,GPR,4096,70,60,10,100,,0.9558106999999723,1.642141400000014,ok
samples,4096,3,FIGS,4096,70,60,10,100,,2.3727061000000162,2.3727061000000162,ok
samples,4096,3,RuleFit,4096,70,60,10,100,,7.5492205999999555,7.5492205999999555,ok
samples,4096,3,HSTree,4096,70,60,10,100,,0.1406737000000362,0.1406737000000362,ok
samples,4096,3,GreedyRuleList,4096,70,60,10,100,,0.0707735000000298,0.0707735000000298,ok
samples,4096,4,RFR,4096,70,60,10,100,10000,0.6168864999999641,0.6168864999999641,ok
samples,4096,4,GPR,4096,70,60,10,100,,0.9842231000000083,1.6658095999999887,ok
samples,4096,4,FIGS,4096,70,60,10,100,,2.37716979999999,2.37716979999999,ok
samples,4096,4,RuleFit,4096,70,60,10,100,,6.986117900000011,6.986117900000011,ok
samples,4096,4,HSTree,4096,70,60,10,100,,0.15123289999996814,0.15123289999996814,ok
samples,4096,4,GreedyRuleList,4096,70,60,10,100,,0.06236799999999221,0.06236799999999221,ok
samples,8192,0,RFR,8192,70,60,10,100,10000,1.4764230000000111,1.4764230000000111,ok
samples,8192,0,GPR,8192,70,60,10,100,,1.3487091999999734,2.0192259000000377,ok
samples,8192,0,FIGS,8192,70,60,10,100,,4.8621535000000335,4.8621535000000335,ok
samples,8192,0,RuleFit,8192,70,60,10,100,,12.800145100000009,12.800145100000009,ok
samples,8192,0,HSTree,8192,70,60,10,100,,0.2962413000000197,0.2962413000000197,ok
samples,8192,0,GreedyRuleList,8192,70,60,10,100,,0.14776119999999082,0.14776119999999082,ok
samples,8192,1,RFR,8192,70,60,10,100,10000,1.482193900000027,1.482193900000027,ok
samples,8192,1,GPR,8192,70,60,10,100,,1.3642558999999892,2.0501007999999956,ok
samples,8192,1,FIGS,8192,70,60,10,100,,4.963191900000027,4.963191900000027,ok
samples,8192,1,RuleFit,8192,70,60,10,100,,11.88789589999999,11.88789589999999,ok
samples,8192,1,HSTree,8192,70,60,10,100,,0.2933047000000215,0.2933047000000215,ok
samples,8192,1,GreedyRuleList,8192,70,60,10,100,,0.14321300000000292,0.14321300000000292,ok
samples,8192,2,RFR,8192,70,60,10,100,10000,1.4736575000000016,1.4736575000000016,ok
samples,8192,2,GPR,8192,70,60,10,100,,1.6683913999999618,2.3493389999999863,ok
samples,8192,2,FIGS,8192,70,60,10,100,,4.854697499999986,4.854697499999986,ok
samples,8192,2,RuleFit,8192,70,60,10,100,,11.789680400000009,11.789680400000009,ok
samples,8192,2,HSTree,8192,70,60,10,100,,0.29870440000001963,0.29870440000001963,ok
samples,8192,2,GreedyRuleList,8192,70,60,10,100,,0.1356341000000043,0.1356341000000043,ok
samples,8192,3,RFR,8192,70,60,10,100,10000,1.4738570999999752,1.4738570999999752,ok
samples,8192,3,GPR,8192,70,60,10,100,,1.335951600000044,2.00588479999999,ok
samples,8192,3,FIGS,8192,70,60,10,100,,4.8506249999999795,4.8506249999999795,ok
samples,8192,3,RuleFit,8192,70,60,10,100,,12.473617100000013,12.473617100000013,ok
samples,8192,3,HSTree,8192,70,60,10,100,,0.2955060999999546,0.2955060999999546,ok
samples,8192,3,GreedyRuleList,8192,70,60,10,100,,0.1423919000000069,0.1423919000000069,ok
samples,8192,4,RFR,8192,70,60,10,100,10000,1.509139399999981,1.509139399999981,ok
samples,8192,4,GPR,8192,70,60,10,100,,1.348331299999984,2.0048699999999826,ok
samples,8192,4,FIGS,8192,70,60,10,100,,4.869295599999987,4.869295599999987,ok
samples,8192,4,RuleFit,8192,70,60,10,100,,12.435279499999979,12.435279499999979,ok
samples,8192,4,HSTree,8192,70,60,10,100,,0.32603149999999914,0.32603149999999914,ok
samples,8192,4,GreedyRuleList,8192,70,60,10,100,,0.14285419999998794,0.14285419999998794,ok
samples,16384,0,RFR,16384,70,60,10,100,10000,5.662757699999986,5.662757699999986,ok
samples,16384,0,GPR,16384,70,60,10,100,,3.4074655000000007,4.09916549999997,ok
samples,16384,0,FIGS,16384,70,60,10,100,,9.928284500000018,9.928284500000018,ok
samples,16384,0,RuleFit,16384,70,60,10,100,,21.58713869999997,21.58713869999997,ok
samples,16384,0,HSTree,16384,70,60,10,100,,0.6108741000000464,0.6108741000000464,ok
samples,16384,0,GreedyRuleList,16384,70,60,10,100,,0.27443219999997837,0.27443219999997837,ok
samples,16384,1,RFR,16384,70,60,10,100,10000,5.6341419000000315,5.6341419000000315,ok
samples,16384,1,GPR,16384,70,60,10,100,,2.243300299999987,2.9443006000000196,ok
samples,16384,1,FIGS,16384,70,60,10,100,,10.343178100000046,10.343178100000046,ok
samples,16384,1,RuleFit,16384,70,60,10,100,,21.728319499999998,21.728319499999998,ok
samples,16384,1,HSTree,16384,70,60,10,100,,0.6245070999999598,0.6245070999999598,ok
samples,16384,1,GreedyRuleList,16384,70,60,10,100,,0.2870557999999619,0.2870557999999619,ok
samples,16384,2,RFR,16384,70,60,10,100,10000,5.585878699999967,5.585878699999967,ok
samples,16384,2,GPR,16384,70,60,10,100,,2.776852900000108,3.6210538999999926,ok
samples,16384,2,FIGS,16384,70,60,10,100,,10.139378699999952,10.139378699999952,ok
samples,16384,2,RuleFit,16384,70,60,10,100,,19.544724199999905,19.544724199999905,ok
samples,16384,2,HSTree,16384,70,60,10,100,,0.6154834000000164,0.6154834000000164,ok
samples,16384,2,GreedyRuleList,16384,70,60,10,100,,0.28445130000000063,0.28445130000000063,ok
samples,16384,3,RFR,16384,70,60,10,100,10000,5.969335999999998,5.969335999999998,ok
samples,16384,3,GPR,16384,70,60,10,100,,2.5971104000000196,3.3312129999999343,ok
samples,16384,3,FIGS,16384,70,60,10,100,,10.175646099999994,10.175646099999994,ok
samples,16384,3,RuleFit,16384,70,60,10,100,,21.850261000000046,21.850261000000046,ok
samples,16384,3,HSTree,16384,70,60,10,100,,0.6381046000000197,0.6381046000000197,ok
samples,16384,3,GreedyRuleList,16384,70,60,10,100,,0.3198158999999805,0.3198158999999805,ok
samples,16384,4,RFR,16384,70,60,10,100,10000,5.776370999999926,5.776370999999926,ok
samples,16384,4,GPR,16384,70,60,10,100,,3.6951996000000236,4.488848500000017,ok
samples,16384,4,FIGS,16384,70,60,10,100,,10.559075599999915,10.559075599999915,ok
samples,16384,4,RuleFit,16384,70,60,10,100,,20.4218214,20.4218214,ok
samples,16384,4,HSTree,16384,70,60,10,100,,0.6200115000000324,0.6200115000000324,ok
samples,16384,4,GreedyRuleList,16384,70,60,10,100,,0.28271830000005593,0.28271830000005593,ok
samples,32768,0,RFR,32768,70,60,10,100,10000,12.324933299999998,12.324933299999998,ok
samples,32768,0,GPR,32768,70,60,10,100,,5.977755799999954,6.756121400000097,ok
samples,32768,0,FIGS,32768,70,60,10,100,,20.926427399999966,20.926427399999966,ok
samples,32768,0,RuleFit,32768,70,60,10,100,,33.43092130000002,33.43092130000002,ok
samples,32768,0,HSTree,32768,70,60,10,100,,1.3127266999999847,1.3127266999999847,ok
samples,32768,0,GreedyRuleList,32768,70,60,10,100,,0.6077470000000176,0.6077470000000176,ok
samples,32768,1,RFR,32768,70,60,10,100,10000,12.229041199999983,12.229041199999983,ok
samples,32768,1,GPR,32768,70,60,10,100,,5.94516509999994,6.834981200000016,ok
samples,32768,1,FIGS,32768,70,60,10,100,,20.909731100000045,20.909731100000045,ok
samples,32768,1,RuleFit,32768,70,60,10,100,,31.259578000000033,31.259578000000033,ok
samples,32768,1,HSTree,32768,70,60,10,100,,1.30956249999997,1.30956249999997,ok
samples,32768,1,GreedyRuleList,32768,70,60,10,100,,0.6061269000000493,0.6061269000000493,ok
samples,32768,2,RFR,32768,70,60,10,100,10000,12.589476699999977,12.589476699999977,ok
samples,32768,2,GPR,32768,70,60,10,100,,5.8927638000000115,6.72259889999998,ok
samples,32768,2,FIGS,32768,70,60,10,100,,22.84390480000002,22.84390480000002,ok
samples,32768,2,RuleFit,32768,70,60,10,100,,35.416026899999906,35.416026899999906,ok
samples,32768,2,HSTree,32768,70,60,10,100,,1.295084599999882,1.295084599999882,ok
samples,32768,2,GreedyRuleList,32768,70,60,10,100,,0.6063754000001609,0.6063754000001609,ok
samples,32768,3,RFR,32768,70,60,10,100,10000,12.274996900000133,12.274996900000133,ok
samples,32768,3,GPR,32768,70,60,10,100,,5.9451985000000604,6.728742600000032,ok
samples,32768,3,FIGS,32768,70,60,10,100,,21.224680000000035,21.224680000000035,ok
samples,32768,3,RuleFit,32768,70,60,10,100,,33.67730759999995,33.67730759999995,ok
samples,32768,3,HSTree,32768,70,60,10,100,,1.3210801000000174,1.3210801000000174,ok
samples,32768,3,GreedyRuleList,32768,70,60,10,100,,0.5661168999999973,0.5661168999999973,ok
samples,32768,4,RFR,32768,70,60,10,100,10000,12.623700899999903,12.623700899999903,ok
samples,32768,4,GPR,32768,70,60,10,100,,6.012672299999849,6.722981300000129,ok
samples,32768,4,FIGS,32768,70,60,10,100,,21.221114700000044,21.221114700000044,ok
samples,32768,4,RuleFit,32768,70,60,10,100,,31.08471439999994,31.08471439999994,ok
samples,32768,4,HSTree,32768,70,60,10,100,,1.3460957000002054,1.3460957000002054,ok
samples,32768,4,GreedyRuleList,32768,70,60,10,100,,0.5665724000000409,0.5665724000000409,ok
samples,65536,0,RFR,65536,70,60,10,100,10000,25.307300799999894,25.307300799999894,ok
samples,65536,0,GPR,65536,70,60,10,100,,13.185297399999854,14.070403299999953,ok
samples,65536,0,FIGS,65536,70,60,10,100,,46.45546339999987,46.45546339999987,ok
samples,65536,0,RuleFit,65536,70,60,10,100,,58.759293699999944,58.759293699999944,ok
samples,65536,0,HSTree,65536,70,60,10,100,,2.80179360000011,2.80179360000011,ok
samples,65536,0,GreedyRuleList,65536,70,60,10,100,,1.2484617000000071,1.2484617000000071,ok
samples,65536,1,RFR,65536,70,60,10,100,10000,25.185053900000185,25.185053900000185,ok
samples,65536,1,GPR,65536,70,60,10,100,,12.81753649999996,13.704808100000037,ok
samples,65536,1,FIGS,65536,70,60,10,100,,46.58403550000003,46.58403550000003,ok
samples,65536,1,RuleFit,65536,70,60,10,100,,46.41727999999989,46.41727999999989,ok
samples,65536,1,HSTree,65536,70,60,10,100,,2.8009133000000475,2.8009133000000475,ok
samples,65536,1,GreedyRuleList,65536,70,60,10,100,,1.254787800000031,1.254787800000031,ok
samples,65536,2,RFR,65536,70,60,10,100,10000,25.29901699999982,25.29901699999982,ok
samples,65536,2,GPR,65536,70,60,10,100,,12.837836500000321,13.673108400000274,ok
samples,65536,2,FIGS,65536,70,60,10,100,,45.51721170000019,45.51721170000019,ok
samples,65536,2,RuleFit,65536,70,60,10,100,,49.53009949999978,49.53009949999978,ok
samples,65536,2,HSTree,65536,70,60,10,100,,2.7903869000001578,2.7903869000001578,ok
samples,65536,2,GreedyRuleList,65536,70,60,10,100,,1.2138846000002559,1.2138846000002559,ok
samples,65536,3,RFR,65536,70,60,10,100,10000,25.332799799999975,25.332799799999975,ok
samples,65536,3,GPR,65536,70,60,10,100,,12.824412699999812,13.651190099999894,ok
samples,65536,3,FIGS,65536,70,60,10,100,,45.873113600000124,45.873113600000124,ok
samples,65536,3,RuleFit,65536,70,60,10,100,,57.95054470000014,57.95054470000014,ok
samples,65536,3,HSTree,65536,70,60,10,100,,2.885581500000171,2.885581500000171,ok
samples,65536,3,GreedyRuleList,65536,70,60,10,100,,1.2197931000000608,1.2197931000000608,ok
samples,65536,4,RFR,65536,70,60,10,100,10000,25.425640999999814,25.425640999999814,ok
samples,65536,4,GPR,65536,70,60,10,100,,13.084558300000026,13.984176499999649,ok
samples,65536,4,FIGS,65536,70,60,10,100,,46.89807860000019,46.89807860000019,ok
samples,65536,4,RuleFit,65536,70,60,10,100,,54.33583940000017,54.33583940000017,ok
samples,65536,4,HSTree,65536,70,60,10,100,,2.9693701999999575,2.9693701999999575,ok
samples,65536,4,GreedyRuleList,65536,70,60,10,100,,1.2466711999995823,1.2466711999995823,ok
features,4,0,RFR,1000,4,3,1,7,10000,0.07901379999975688,0.07901379999975688,ok
features,4,0,GPR,1000,4,3,1,7,,1.027520099999947,1.735118500000226,ok
features,4,0,FIGS,1000,4,3,1,7,,0.0794648999999481,0.0794648999999481,ok
features,4,0,RuleFit,1000,4,3,1,7,,2.0712501000002703,2.0712501000002703,ok
features,4,0,HSTree,1000,4,3,1,7,,0.0035903000002690533,0.0035903000002690533,ok
features,4,0,GreedyRuleList,1000,4,3,1,7,,0.005296599999837781,0.005296599999837781,ok
features,4,1,RFR,1000,4,3,1,7,10000,0.07570850000001883,0.07570850000001883,ok
features,4,1,GPR,1000,4,3,1,7,,1.069970099999864,1.9062340000000404,ok
features,4,1,FIGS,1000,4,3,1,7,,0.0881611999998313,0.0881611999998313,ok
features,4,1,RuleFit,1000,4,3,1,7,,2.0836874999999964,2.0836874999999964,ok
features,4,1,HSTree,1000,4,3,1,7,,0.0038780000004408066,0.0038780000004408066,ok
features,4,1,GreedyRuleList,1000,4,3,1,7,,0.005018599999857543,0.005018599999857543,ok
features,4,2,RFR,1000,4,3,1,7,10000,0.07588740000028338,0.07588740000028338,ok
features,4,2,GPR,1000,4,3,1,7,,1.0543665000000146,1.7235527000002548,ok
features,4,2,FIGS,1000,4,3,1,7,,0.0906820999998672,0.0906820999998672,ok
features,4,2,RuleFit,1000,4,3,1,7,,2.3760913999999502,2.3760913999999502,ok
features,4,2,HSTree,1000,4,3,1,7,,0.003855299999941053,0.003855299999941053,ok
features,4,2,GreedyRuleList,1000,4,3,1,7,,0.005026199999974779,0.005026199999974779,ok
features,4,3,RFR,1000,4,3,1,7,10000,0.07920889999968495,0.07920889999968495,ok
features,4,3,GPR,1000,4,3,1,7,,1.0205097000002752,1.6704133999996884,ok
features,4,3,FIGS,1000,4,3,1,7,,0.0843963000002077,0.0843963000002077,ok
features,4,3,RuleFit,1000,4,3,1,7,,2.2469489999998586,2.2469489999998586,ok
features,4,3,HSTree,1000,4,3,1,7,,0.003810300000168354,0.003810300000168354,ok
features,4,3,GreedyRuleList,1000,4,3,1,7,,0.004307499999868014,0.004307499999868014,ok
features,4,4,RFR,1000,4,3,1,7,10000,0.07570579999992333,0.07570579999992333,ok
features,4,4,GPR,1000,4,3,1,7,,0.9517607999996471,1.639469900000222,ok
features,4,4,FIGS,1000,4,3,1,7,,0.07629119999955947,0.07629119999955947,ok
features,4,4,RuleFit,1000,4,3,1,7,,2.1821779000001698,2.1821779000001698,ok
features,4,4,HSTree,1000,4,3,1,7,,0.003706099999817525,0.003706099999817525,ok
features,4,4,GreedyRuleList,1000,4,3,1,7,,0.004516799999692012,0.004516799999692012,ok
features,8,0,RFR,1000,8,6,2,14,10000,0.13753429999997024,0.13753429999997024,ok
features,8,0,GPR,1000,8,6,2,14,,0.6525386999996954,1.3187934000002315,ok
features,8,0,FIGS,1000,8,6,2,14,,0.13473000000021784,0.13473000000021784,ok
features,8,0,RuleFit,1000,8,6,2,14,,2.113262400000167,2.113262400000167,ok
features,8,0,HSTree,1000,8,6,2,14,,0.006135300000096322,0.006135300000096322,ok
features,8,0,GreedyRuleList,1000,8,6,2,14,,0.007150299999921117,0.007150299999921117,ok
features,8,1,RFR,1000,8,6,2,14,10000,0.1325963999997839,0.1325963999997839,ok
features,8,1,GPR,1000,8,6,2,14,,0.6579221999995752,1.356570599999941,ok
features,8,1,FIGS,1000,8,6,2,14,,0.14020769999979166,0.14020769999979166,ok
features,8,1,RuleFit,1000,8,6,2,14,,2.146436900000026,2.146436900000026,ok
features,8,1,HSTree,1000,8,6,2,14,,0.0062708000000384345,0.0062708000000384345,ok
features,8,1,GreedyRuleList,1000,8,6,2,14,,0.0063070999999581545,0.0063070999999581545,ok
features,8,2,RFR,1000,8,6,2,14,10000,0.13240339999993012,0.13240339999993012,ok
features,8,2,GPR,1000,8,6,2,14,,0.6638409999995929,1.340523100000155,ok
features,8,2,FIGS,1000,8,6,2,14,,0.13055649999978414,0.13055649999978414,ok
features,8,2,RuleFit,1000,8,6,2,14,,2.2458543000002464,2.2458543000002464,ok
features,8,2,HSTree,1000,8,6,2,14,,0.0058030000000144355,0.0058030000000144355,ok
features,8,2,GreedyRuleList,1000,8,6,2,14,,0.006568399999650865,0.006568399999650865,ok
features,8,3,RFR,1000,8,6,2,14,10000,0.13342920000013692,0.13342920000013692,ok
features,8,3,GPR,1000,8,6,2,14,,0.6261930000000575,1.2815804000001663,ok
features,8,3,FIGS,1000,8,6,2,14,,0.12083310000025449,0.12083310000025449,ok
features,8,3,RuleFit,1000,8,6,2,14,,2.1872379999999794,2.1872379999999794,ok
features,8,3,HSTree,1000,8,6,2,14,,0.0059418999999252264,0.0059418999999252264,ok
features,8,3,GreedyRuleList,1000,8,6,2,14,,0.006349000000227534,0.006349000000227534,ok
features,8,4,RFR,1000,8,6,2,14,10000,0.13329930000008972,0.13329930000008972,ok
features,8,4,GPR,1000,8,6,2,14,,0.6234263999999712,1.2982772000000296,ok
features,8,4,FIGS,1000,8,6,2,14,,0.1337975000001279,0.1337975000001279,ok
features,8,4,RuleFit,1000,8,6,2,14,,2.2107562000001053,2.2107562000001053,ok
features,8,4,HSTree,1000,8,6,2,14,,0.005905900000016118,0.005905900000016118,ok
features,8,4,GreedyRuleList,1000,8,6,2,14,,0.006240100000013626,0.006240100000013626,ok
features,16,0,RFR,1000,16,13,3,25,10000,0.14286650000030932,0.14286650000030932,ok
features,16,0,GPR,1000,16,13,3,25,,0.9919266000001699,1.6594787000003635,ok
features,16,0,FIGS,1000,16,13,3,25,,0.19591620000028342,0.19591620000028342,ok
features,16,0,RuleFit,1000,16,13,3,25,,2.1148988999998437,2.1148988999998437,ok
features,16,0,HSTree,1000,16,13,3,25,,0.010845399999652727,0.010845399999652727,ok
features,16,0,GreedyRuleList,1000,16,13,3,25,,0.00833310000007259,0.00833310000007259,ok
features,16,1,RFR,1000,16,13,3,25,10000,0.14202690000001894,0.14202690000001894,ok
features,16,1,GPR,1000,16,13,3,25,,1.1258805000002212,1.7617482000000564,ok
features,16,1,FIGS,1000,16,13,3,25,,0.20090410000011616,0.20090410000011616,ok
features,16,1,RuleFit,1000,16,13,3,25,,2.146993300000304,2.146993300000304,ok
features,16,1,HSTree,1000,16,13,3,25,,0.010881899999731104,0.010881899999731104,ok
features,16,1,GreedyRuleList,1000,16,13,3,25,,0.008579599999848142,0.008579599999848142,ok
features,16,2,RFR,1000,16,13,3,25,10000,0.14200260000006892,0.14200260000006892,ok
features,16,2,GPR,1000,16,13,3,25,,0.8442605000000185,1.5188140999998723,ok
features,16,2,FIGS,1000,16,13,3,25,,0.19970059999968726,0.19970059999968726,ok
features,16,2,RuleFit,1000,16,13,3,25,,2.329449299999851,2.329449299999851,ok
features,16,2,HSTree,1000,16,13,3,25,,0.012345600000116974,0.012345600000116974,ok
features,16,2,GreedyRuleList,1000,16,13,3,25,,0.008183899999949062,0.008183899999949062,ok
features,16,3,RFR,1000,16,13,3,25,10000,0.14344649999975445,0.14344649999975445,ok
features,16,3,GPR,1000,16,13,3,25,,0.8410754000001361,1.5008354999999938,ok
features,16,3,FIGS,1000,16,13,3,25,,0.18738380000013422,0.18738380000013422,ok
features,16,3,RuleFit,1000,16,13,3,25,,2.302375100000063,2.302375100000063,ok
features,16,3,HSTree,1000,16,13,3,25,,0.011442100000294886,0.011442100000294886,ok
features,16,3,GreedyRuleList,1000,16,13,3,25,,0.008575800000016898,0.008575800000016898,ok
features,16,4,RFR,1000,16,13,3,25,10000,0.14236250000021755,0.14236250000021755,ok
features,16,4,GPR,1000,16,13,3,25,,0.8446822999999313,1.5007869000000937,ok
features,16,4,FIGS,1000,16,13,3,25,,0.20767609999984415,0.20767609999984415,ok
features,16,4,RuleFit,1000,16,13,3,25,,2.154809699999987,2.154809699999987,ok
features,16,4,HSTree,1000,16,13,3,25,,0.01038010000002032,0.01038010000002032,ok
features,16,4,GreedyRuleList,1000,16,13,3,25,,0.009011699999973644,0.009011699999973644,ok
features,32,0,RFR,1000,32,26,6,50,10000,0.15107990000024074,0.15107990000024074,ok
features,32,0,GPR,1000,32,26,6,50,,0.8561166999998022,1.496045100000174,ok
features,32,0,FIGS,1000,32,26,6,50,,0.30274059999965175,0.30274059999965175,ok
features,32,0,RuleFit,1000,32,26,6,50,,2.351779699999952,2.351779699999952,ok
features,32,0,HSTree,1000,32,26,6,50,,0.01838399999996909,0.01838399999996909,ok
features,32,0,GreedyRuleList,1000,32,26,6,50,,0.012206099999730213,0.012206099999730213,ok
features,32,1,RFR,1000,32,26,6,50,10000,0.15046879999999874,0.15046879999999874,ok
features,32,1,GPR,1000,32,26,6,50,,0.8790917000001173,1.5726072000002205,ok
features,32,1,FIGS,1000,32,26,6,50,,0.30096299999968323,0.30096299999968323,ok
features,32,1,RuleFit,1000,32,26,6,50,,2.5697986999998648,2.5697986999998648,ok
features,32,1,HSTree,1000,32,26,6,50,,0.019516199999998207,0.019516199999998207,ok
features,32,1,GreedyRuleList,1000,32,26,6,50,,0.013042500000210566,0.013042500000210566,ok
features,32,2,RFR,1000,32,26,6,50,10000,0.15264720000004672,0.15264720000004672,ok
features,32,2,GPR,1000,32,26,6,50,,0.8194957000000613,1.5175399999998263,ok
features,32,2,FIGS,1000,32,26,6,50,,0.3140662999999222,0.3140662999999222,ok
features,32,2,RuleFit,1000,32,26,6,50,,2.4417018000003736,2.4417018000003736,ok
features,32,2,HSTree,1000,32,26,6,50,,0.01850670000021637,0.01850670000021637,ok
features,32,2,GreedyRuleList,1000,32,26,6,50,,0.013648900000134745,0.013648900000134745,ok
features,32,3,RFR,1000,32,26,6,50,10000,0.15198849999978847,0.15198849999978847,ok
features,32,3,GPR,1000,32,26,6,50,,1.1072622000001502,1.7734924000001229,ok
features,32,3,FIGS,1000,32,26,6,50,,0.27276249999977153,0.27276249999977153,ok
features,32,3,RuleFit,1000,32,26,6,50,,2.47218520000024,2.47218520000024,ok
features,32,3,HSTree,1000,32,26,6,50,,0.01929229999996096,0.01929229999996096,ok
features,32,3,GreedyRuleList,1000,32,26,6,50,,0.012940900000103284,0.012940900000103284,ok
features,32,4,RFR,1000,32,26,6,50,10000,0.15176210000026913,0.15176210000026913,ok
features,32,4,GPR,1000,32,26,6,50,,0.7962766000000556,1.4683615000003556,ok
features,32,4,FIGS,1000,32,26,6,50,,0.3052301000002444,0.3052301000002444,ok
features,32,4,RuleFit,1000,32,26,6,50,,2.3540407999998934,2.3540407999998934,ok
features,32,4,HSTree,1000,32,26,6,50,,0.01930320000019492,0.01930320000019492,ok
features,32,4,GreedyRuleList,1000,32,26,6,50,,0.012625800000023446,0.012625800000023446,ok
features,64,0,RFR,1000,64,51,13,103,10000,0.15804079999998066,0.15804079999998066,ok
features,64,0,GPR,1000,64,51,13,103,,0.7617877000002409,1.4356293000000733,ok
features,64,0,FIGS,1000,64,51,13,103,,0.46748780000007173,0.46748780000007173,ok
features,64,0,RuleFit,1000,64,51,13,103,,3.1115131000001384,3.1115131000001384,ok
features,64,0,HSTree,1000,64,51,13,103,,0.03302239999993617,0.03302239999993617,ok
features,64,0,GreedyRuleList,1000,64,51,13,103,,0.019054800000049,0.019054800000049,ok
features,64,1,RFR,1000,64,51,13,103,10000,0.1583098000000973,0.1583098000000973,ok
features,64,1,GPR,1000,64,51,13,103,,0.477803700000095,1.178910900000119,ok
features,64,1,FIGS,1000,64,51,13,103,,0.48187789999974484,0.48187789999974484,ok
features,64,1,RuleFit,1000,64,51,13,103,,3.0222034000003077,3.0222034000003077,ok
features,64,1,HSTree,1000,64,51,13,103,,0.03144410000004427,0.03144410000004427,ok
features,64,1,GreedyRuleList,1000,64,51,13,103,,0.020292799999879207,0.020292799999879207,ok
features,64,2,RFR,1000,64,51,13,103,10000,0.1596057000001565,0.1596057000001565,ok
features,64,2,GPR,1000,64,51,13,103,,0.6171798999998828,1.314121200000045,ok
features,64,2,FIGS,1000,64,51,13,103,,0.47154139999975087,0.47154139999975087,ok
features,64,2,RuleFit,1000,64,51,13,103,,2.714268499999889,2.714268499999889,ok
features,64,2,HSTree,1000,64,51,13,103,,0.03261599999996179,0.03261599999996179,ok
features,64,2,GreedyRuleList,1000,64,51,13,103,,0.024188299999877927,0.024188299999877927,ok
features,64,3,RFR,1000,64,51,13,103,10000,0.15868120000004637,0.15868120000004637,ok
features,64,3,GPR,1000,64,51,13,103,,1.211282299999766,1.8916088000000855,ok
features,64,3,FIGS,1000,64,51,13,103,,0.5084383999997044,0.5084383999997044,ok
features,64,3,RuleFit,1000,64,51,13,103,,2.8842561000001297,2.8842561000001297,ok
features,64,3,HSTree,1000,64,51,13,103,,0.03226929999982531,0.03226929999982531,ok
features,64,3,GreedyRuleList,1000,64,51,13,103,,0.018541699999786942,0.018541699999786942,ok
features,64,4,RFR,1000,64,51,13,103,10000,0.15656760000001668,0.15656760000001668,ok
features,64,4,GPR,1000,64,51,13,103,,0.8446047000002181,1.4940646999998535,ok
features,64,4,FIGS,1000,64,51,13,103,,0.49262069999986124,0.49262069999986124,ok
features,64,4,RuleFit,1000,64,51,13,103,,2.8493210999999974,2.8493210999999974,ok
features,64,4,HSTree,1000,64,51,13,103,,0.03312679999999091,0.03312679999999091,ok
features,64,4,GreedyRuleList,1000,64,51,13,103,,0.019100600000001577,0.019100600000001577,ok
features,128,0,RFR,1000,128,102,26,206,10000,0.16620190000003277,0.16620190000003277,ok
features,128,0,GPR,1000,128,102,26,206,,0.725211500000114,1.3783989000003203,ok
features,128,0,FIGS,1000,128,102,26,206,,0.9280358999999407,0.9280358999999407,ok
features,128,0,RuleFit,1000,128,102,26,206,,3.872459400000025,3.872459400000025,ok
features,128,0,HSTree,1000,128,102,26,206,,0.0583756999999423,0.0583756999999423,ok
features,128,0,GreedyRuleList,1000,128,102,26,206,,0.03603899999961868,0.03603899999961868,ok
features,128,1,RFR,1000,128,102,26,206,10000,0.16893509999999878,0.16893509999999878,ok
features,128,1,GPR,1000,128,102,26,206,,0.9438789000000725,1.6075128999996195,ok
features,128,1,FIGS,1000,128,102,26,206,,0.8459919000001719,0.8459919000001719,ok
features,128,1,RuleFit,1000,128,102,26,206,,3.8809080999999424,3.8809080999999424,ok
features,128,1,HSTree,1000,128,102,26,206,,0.05863920000001599,0.05863920000001599,ok
features,128,1,GreedyRuleList,1000,128,102,26,206,,0.038489300000037474,0.038489300000037474,ok
features,128,2,RFR,1000,128,102,26,206,10000,0.16503180000017892,0.16503180000017892,ok
features,128,2,GPR,1000,128,102,26,206,,0.7895244999999704,1.4638390999998592,ok
features,128,2,FIGS,1000,128,102,26,206,,0.8659419000000526,0.8659419000000526,ok
features,128,2,RuleFit,1000,128,102,26,206,,3.8321178999999574,3.8321178999999574,ok
features,128,2,HSTree,1000,128,102,26,206,,0.060152300000027026,0.060152300000027026,ok
features,128,2,GreedyRuleList,1000,128,102,26,206,,0.03308030000016515,0.03308030000016515,ok
features,128,3,RFR,1000,128,102,26,206,10000,0.16468339999983073,0.16468339999983073,ok
features,128,3,GPR,1000,128,102,26,206,,0.8168952999999419,1.513224700000137,ok
features,128,3,FIGS,1000,128,102,26,206,,0.9162225000000035,0.9162225000000035,ok
features,128,3,RuleFit,1000,128,102,26,206,,3.834574700000303,3.834574700000303,ok
features,128,3,HSTree,1000,128,102,26,206,,0.058983899999930145,0.058983899999930145,ok
features,128,3,GreedyRuleList,1000,128,102,26,206,,0.03450710000015533,0.03450710000015533,ok
features,128,4,RFR,1000,128,102,26,206,10000,0.1663039000000026,0.1663039000000026,ok
features,128,4,GPR,1000,128,102,26,206,,1.1435590999999476,1.8436945000003107,ok
features,128,4,FIGS,1000,128,102,26,206,,0.9753984999997556,0.9753984999997556,ok
features,128,4,RuleFit,1000,128,102,26,206,,3.710086600000068,3.710086600000068,ok
features,128,4,HSTree,1000,128,102,26,206,,0.0591100000001461,0.0591100000001461,ok
features,128,4,GreedyRuleList,1000,128,102,26,206,,0.033170199999858596,0.033170199999858596,ok
features,256,0,RFR,1000,256,205,51,409,10000,0.16689510000014707,0.16689510000014707,ok
features,256,0,GPR,1000,256,205,51,409,,1.6041989000000285,2.3047209999999723,ok
features,256,0,FIGS,1000,256,205,51,409,,1.7513390999997682,1.7513390999997682,ok
features,256,0,RuleFit,1000,256,205,51,409,,6.204005000000052,6.204005000000052,ok
features,256,0,HSTree,1000,256,205,51,409,,0.11184060000005047,0.11184060000005047,ok
features,256,0,GreedyRuleList,1000,256,205,51,409,,0.057625999999800115,0.057625999999800115,ok
features,256,1,RFR,1000,256,205,51,409,10000,0.16815379999979996,0.16815379999979996,ok
features,256,1,GPR,1000,256,205,51,409,,1.621618799999851,2.312791400000151,ok
features,256,1,FIGS,1000,256,205,51,409,,1.7970648999998957,1.7970648999998957,ok
features,256,1,RuleFit,1000,256,205,51,409,,6.06702230000019,6.06702230000019,ok
features,256,1,HSTree,1000,256,205,51,409,,0.10764000000017404,0.10764000000017404,ok
features,256,1,GreedyRuleList,1000,256,205,51,409,,0.05956910000031712,0.05956910000031712,ok
features,256,2,RFR,1000,256,205,51,409,10000,0.1694030999997267,0.1694030999997267,ok
features,256,2,GPR,1000,256,205,51,409,,1.2990684999999758,1.9529532000001382,ok
features,256,2,FIGS,1000,256,205,51,409,,1.6695387999998275,1.6695387999998275,ok
features,256,2,RuleFit,1000,256,205,51,409,,6.06847420000031,6.06847420000031,ok
features,256,2,HSTree,1000,256,205,51,409,,0.11291849999997794,0.11291849999997794,ok
features,256,2,GreedyRuleList,1000,256,205,51,409,,0.05801770000016404,0.05801770000016404,ok
features,256,3,RFR,1000,256,205,51,409,10000,0.16863119999970877,0.16863119999970877,ok
features,256,3,GPR,1000,256,205,51,409,,1.5344445000000633,2.240748199999871,ok
features,256,3,FIGS,1000,256,205,51,409,,1.5271357999999964,1.5271357999999964,ok
features,256,3,RuleFit,1000,256,205,51,409,,6.319545900000321,6.319545900000321,ok
features,256,3,HSTree,1000,256,205,51,409,,0.11359099999981481,0.11359099999981481,ok
features,256,3,GreedyRuleList,1000,256,205,51,409,,0.04337530000020706,0.04337530000020706,ok
features,256,4,RFR,1000,256,205,51,409,10000,0.1659916999997222,0.1659916999997222,ok
features,256,4,GPR,1000,256,205,51,409,,1.5520196000002215,2.2404874999997446,ok
features,256,4,FIGS,1000,256,205,51,409,,1.6678113000002668,1.6678113000002668,ok
features,256,4,RuleFit,1000,256,205,51,409,,6.060156200000165,6.060156200000165,ok
features,256,4,HSTree,1000,256,205,51,409,,0.1098652000000584,0.1098652000000584,ok
features,256,4,GreedyRuleList,1000,256,205,51,409,,0.062000500000067404,0.062000500000067404,ok
features,512,0,RFR,1000,512,410,102,818,10000,0.2120930999999473,0.2120930999999473,ok
features,512,0,GPR,1000,512,410,102,818,,1.1473617999999988,1.8431548000003204,ok
features,512,0,FIGS,1000,512,410,102,818,,3.243455499999982,3.243455499999982,ok
features,512,0,RuleFit,1000,512,410,102,818,,10.256938600000012,10.256938600000012,ok
features,512,0,HSTree,1000,512,410,102,818,,0.22029769999971904,0.22029769999971904,ok
features,512,0,GreedyRuleList,1000,512,410,102,818,,0.09238950000008117,0.09238950000008117,ok
features,512,1,RFR,1000,512,410,102,818,10000,0.1898471999998037,0.1898471999998037,ok
features,512,1,GPR,1000,512,410,102,818,,0.4037911999998869,1.1056057000000692,ok
features,512,1,FIGS,1000,512,410,102,818,,3.5373485000000073,3.5373485000000073,ok
features,512,1,RuleFit,1000,512,410,102,818,,9.8428143000001,9.8428143000001,ok
features,512,1,HSTree,1000,512,410,102,818,,0.20084509999969669,0.20084509999969669,ok
features,512,1,GreedyRuleList,1000,512,410,102,818,,0.1270198000001983,0.1270198000001983,ok
features,512,2,RFR,1000,512,410,102,818,10000,0.21737480000001597,0.21737480000001597,ok
features,512,2,GPR,1000,512,410,102,818,,0.9781451999997444,1.654561900000317,ok
features,512,2,FIGS,1000,512,410,102,818,,3.4379478999999264,3.4379478999999264,ok
features,512,2,RuleFit,1000,512,410,102,818,,9.875497600000017,9.875497600000017,ok
features,512,2,HSTree,1000,512,410,102,818,,0.21396139999978914,0.21396139999978914,ok
features,512,2,GreedyRuleList,1000,512,410,102,818,,0.10827840000001743,0.10827840000001743,ok
features,512,3,RFR,1000,512,410,102,818,10000,0.18766020000020944,0.18766020000020944,ok
features,512,3,GPR,1000,512,410,102,818,,1.2354852999997092,1.932324299999891,ok
features,512,3,FIGS,1000,512,410,102,818,,3.3958580000003167,3.3958580000003167,ok
features,512,3,RuleFit,1000,512,410,102,818,,10.062595200000032,10.062595200000032,ok
features,512,3,HSTree,1000,512,410,102,818,,0.2040607000003547,0.2040607000003547,ok
features,512,3,GreedyRuleList,1000,512,410,102,818,,0.11496009999973467,0.11496009999973467,ok
features,512,4,RFR,1000,512,410,102,818,10000,0.22231389999979,0.22231389999979,ok
features,512,4,GPR,1000,512,410,102,818,,1.0013506000000234,1.6807747999996536,ok
features,512,4,FIGS,1000,512,410,102,818,,3.1912477999999282,3.1912477999999282,ok
features,512,4,RuleFit,1000,512,410,102,818,,10.09721639999998,10.09721639999998,ok
features,512,4,HSTree,1000,512,410,102,818,,0.20943919999990612,0.20943919999990612,ok
features,512,4,GreedyRuleList,1000,512,410,102,818,,0.11435470000014902,0.11435470000014902,ok
features,1024,0,RFR,1000,1024,819,205,1639,10000,0.5465682999997625,0.5465682999997625,ok
features,1024,0,GPR,1000,1024,819,205,1639,,0.38377689999970244,1.0765677000003961,ok
features,1024,0,FIGS,1000,1024,819,205,1639,,7.213472599999932,7.213472599999932,ok
features,1024,0,RuleFit,1000,1024,819,205,1639,,18.322055599999658,18.322055599999658,ok
features,1024,0,HSTree,1000,1024,819,205,1639,,0.413586099999975,0.413586099999975,ok
features,1024,0,GreedyRuleList,1000,1024,819,205,1639,,0.23391570000012507,0.23391570000012507,ok
features,1024,1,RFR,1000,1024,819,205,1639,10000,0.548154600000089,0.548154600000089,ok
features,1024,1,GPR,1000,1024,819,205,1639,,0.7343323000000055,1.4404873999997108,ok
features,1024,1,FIGS,1000,1024,819,205,1639,,6.307747699999709,6.307747699999709,ok
features,1024,1,RuleFit,1000,1024,819,205,1639,,18.791579199999887,18.791579199999887,ok
features,1024,1,HSTree,1000,1024,819,205,1639,,0.4455674999999246,0.4455674999999246,ok
features,1024,1,GreedyRuleList,1000,1024,819,205,1639,,0.22639879999996992,0.22639879999996992,ok
features,1024,2,RFR,1000,1024,819,205,1639,10000,0.5483242999998765,0.5483242999998765,ok
features,1024,2,GPR,1000,1024,819,205,1639,,0.6337397000002056,1.3189391000000796,ok
features,1024,2,FIGS,1000,1024,819,205,1639,,5.899509700000181,5.899509700000181,ok
features,1024,2,RuleFit,1000,1024,819,205,1639,,20.089178300000185,20.089178300000185,ok
features,1024,2,HSTree,1000,1024,819,205,1639,,0.44788259999995716,0.44788259999995716,ok
features,1024,2,GreedyRuleList,1000,1024,819,205,1639,,0.21545740000010483,0.21545740000010483,ok
features,1024,3,RFR,1000,1024,819,205,1639,10000,0.5505748000000494,0.5505748000000494,ok
features,1024,3,GPR,1000,1024,819,205,1639,,1.0140188999998827,1.7130855999998857,ok
features,1024,3,FIGS,1000,1024,819,205,1639,,6.309754800000064,6.309754800000064,ok
features,1024,3,RuleFit,1000,1024,819,205,1639,,18.718003599999975,18.718003599999975,ok
features,1024,3,HSTree,1000,1024,819,205,1639,,0.42743590000009135,0.42743590000009135,ok
features,1024,3,GreedyRuleList,1000,1024,819,205,1639,,0.22482409999975062,0.22482409999975062,ok
features,1024,4,RFR,1000,1024,819,205,1639,10000,0.5499234000003526,0.5499234000003526,ok
features,1024,4,GPR,1000,1024,819,205,1639,,0.5567695000004278,1.2762299000000894,ok
features,1024,4,FIGS,1000,1024,819,205,1639,,6.507904900000085,6.507904900000085,ok
features,1024,4,RuleFit,1000,1024,819,205,1639,,19.826496300000144,19.826496300000144,ok
features,1024,4,HSTree,1000,1024,819,205,1639,,0.46574069999996937,0.46574069999996937,ok
features,1024,4,GreedyRuleList,1000,1024,819,205,1639,,0.25697200000013254,0.25697200000013254,ok
candidates,1000,0,RFR,1000,70,60,10,100,1000,0.01809499999990294,0.01809499999990294,ok
candidates,1000,1,RFR,1000,70,60,10,100,1000,0.019706000000041968,0.019706000000041968,ok
candidates,1000,2,RFR,1000,70,60,10,100,1000,0.020604899999852933,0.020604899999852933,ok
candidates,1000,3,RFR,1000,70,60,10,100,1000,0.019714699999894947,0.019714699999894947,ok
candidates,1000,4,RFR,1000,70,60,10,100,1000,0.019657899999856454,0.019657899999856454,ok
candidates,5000,0,RFR,1000,70,60,10,100,5000,0.08547619999990275,0.08547619999990275,ok
candidates,5000,1,RFR,1000,70,60,10,100,5000,0.0864238999997724,0.0864238999997724,ok
candidates,5000,2,RFR,1000,70,60,10,100,5000,0.08592730000009396,0.08592730000009396,ok
candidates,5000,3,RFR,1000,70,60,10,100,5000,0.08628109999972366,0.08628109999972366,ok
candidates,5000,4,RFR,1000,70,60,10,100,5000,0.0847366999996666,0.0847366999996666,ok
candidates,10000,0,RFR,1000,70,60,10,100,10000,0.1683946000002834,0.1683946000002834,ok
candidates,10000,1,RFR,1000,70,60,10,100,10000,0.16774409999970885,0.16774409999970885,ok
candidates,10000,2,RFR,1000,70,60,10,100,10000,0.16828450000002704,0.16828450000002704,ok
candidates,10000,3,RFR,1000,70,60,10,100,10000,0.1674960000000283,0.1674960000000283,ok
candidates,10000,4,RFR,1000,70,60,10,100,10000,0.1693768000000091,0.1693768000000091,ok
candidates,25000,0,RFR,1000,70,60,10,100,25000,0.42153670000016064,0.42153670000016064,ok
candidates,25000,1,RFR,1000,70,60,10,100,25000,0.4206381000003603,0.4206381000003603,ok
candidates,25000,2,RFR,1000,70,60,10,100,25000,0.4223720999998477,0.4223720999998477,ok
candidates,25000,3,RFR,1000,70,60,10,100,25000,0.4187520999998924,0.4187520999998924,ok
candidates,25000,4,RFR,1000,70,60,10,100,25000,0.4198685999999725,0.4198685999999725,ok
candidates,50000,0,RFR,1000,70,60,10,100,50000,0.8486900000002606,0.8486900000002606,ok
candidates,50000,1,RFR,1000,70,60,10,100,50000,0.83806659999982,0.83806659999982,ok
candidates,50000,2,RFR,1000,70,60,10,100,50000,0.8412073999998029,0.8412073999998029,ok
candidates,50000,3,RFR,1000,70,60,10,100,50000,0.8485117999998693,0.8485117999998693,ok
candidates,50000,4,RFR,1000,70,60,10,100,50000,0.8390240999997332,0.8390240999997332,ok
candidates,100000,0,RFR,1000,70,60,10,100,100000,1.7040820000001986,1.7040820000001986,ok
candidates,100000,1,RFR,1000,70,60,10,100,100000,1.7014972999995734,1.7014972999995734,ok
candidates,100000,2,RFR,1000,70,60,10,100,100000,1.6863184000003457,1.6863184000003457,ok
candidates,100000,3,RFR,1000,70,60,10,100,100000,1.7027155000000675,1.7027155000000675,ok
candidates,100000,4,RFR,1000,70,60,10,100,100000,1.7080950999998095,1.7080950999998095,ok
